"","var_num","var_col","rho","MAE","RMSE","country","Col_1","name_1","Col_2","name_2","Col_3","name_3","Col_4","name_4"
"1",1,"ir",0.311520010322696,0.710357435782173,1.10758625312452,"Mexico",2,"ir(t-1)",NA,NA,NA,NA,NA,NA
"2",2,"ir, t2m",0.757638637032196,0.405180744159354,0.663272545587906,"Mexico",2,"ir(t-1)",5,"t2m(t-0)",NA,NA,NA,NA
"3",2,"ir, tp",0.705761300829091,0.442512795576497,0.720859466127614,"Mexico",2,"ir(t-1)",9,"tp(t-0)",NA,NA,NA,NA
"4",2,"ir, rh",0.676240545791537,0.44576200454485,0.753915124045629,"Mexico",2,"ir(t-1)",13,"rh(t-0)",NA,NA,NA,NA
"5",2,"ir, svpd",0.615183916880145,0.504029443595591,0.809103318748675,"Mexico",2,"ir(t-1)",20,"svpd(t-3)",NA,NA,NA,NA
"6",3,"ir, t2m, tp",0.775972737284221,0.38856782954213,0.640117568391348,"Mexico",2,"ir(t-1)",5,"t2m(t-0)",9,"tp(t-0)",NA,NA
"7",3,"ir, t2m, rh",0.767658595484876,0.392451804132225,0.651834949947809,"Mexico",2,"ir(t-1)",5,"t2m(t-0)",13,"rh(t-0)",NA,NA
"8",3,"ir, t2m, svpd",0.780956842957596,0.368125391087578,0.635965472562266,"Mexico",2,"ir(t-1)",5,"t2m(t-0)",17,"svpd(t-0)",NA,NA
"9",3,"ir, tp, rh",0.763546888396187,0.382334478999986,0.655574018480583,"Mexico",2,"ir(t-1)",9,"tp(t-0)",16,"rh(t-3)",NA,NA
"10",3,"ir, tp, svpd",0.773577777716345,0.37370895294069,0.642725893162259,"Mexico",2,"ir(t-1)",9,"tp(t-0)",18,"svpd(t-1)",NA,NA
"11",3,"ir, rh, svpd",0.74333715214671,0.410039739174796,0.677659353151099,"Mexico",2,"ir(t-1)",13,"rh(t-0)",18,"svpd(t-1)",NA,NA
"12",4,"ir, t2m, tp, rh",0.773897817904879,0.369721523362092,0.641989336784855,"Mexico",2,"ir(t-1)",5,"t2m(t-0)",9,"tp(t-0)",16,"rh(t-3)"
"13",4,"ir, t2m, tp, svpd",0.771469701535456,0.381669665155827,0.645834463018424,"Mexico",2,"ir(t-1)",5,"t2m(t-0)",9,"tp(t-0)",17,"svpd(t-0)"
"14",4,"ir, t2m, rh, svpd",0.78530117929595,0.361046156082166,0.630834549733062,"Mexico",2,"ir(t-1)",5,"t2m(t-0)",13,"rh(t-0)",17,"svpd(t-0)"
"15",4,"ir, tp, rh, svpd",0.769614499269224,0.390568835385924,0.648729149813775,"Mexico",2,"ir(t-1)",9,"tp(t-0)",15,"rh(t-2)",18,"svpd(t-1)"
"16",1,"ir",0.613453169660373,0.570201652683824,0.804682942619132,"Vietnam",2,"ir(t-1)",NA,NA,NA,NA,NA,NA
"17",2,"ir, t2m",0.721579870702798,0.48317226165603,0.693177871262494,"Vietnam",2,"ir(t-1)",6,"t2m(t-1)",NA,NA,NA,NA
"18",2,"ir, tp",0.78621342681657,0.443417620612431,0.615637685528131,"Vietnam",2,"ir(t-1)",9,"tp(t-0)",NA,NA,NA,NA
"19",2,"ir, rh",0.73060655727665,0.472763931598796,0.685376201691633,"Vietnam",2,"ir(t-1)",16,"rh(t-3)",NA,NA,NA,NA
"20",2,"ir, svpd",0.761333337381837,0.451090662784469,0.64689604993757,"Vietnam",2,"ir(t-1)",20,"svpd(t-3)",NA,NA,NA,NA
"21",3,"ir, t2m, tp",0.779467940193348,0.456240253878436,0.623859910452334,"Vietnam",2,"ir(t-1)",6,"t2m(t-1)",9,"tp(t-0)",NA,NA
"22",3,"ir, t2m, rh",0.793753998632144,0.445342859577424,0.604850072590159,"Vietnam",2,"ir(t-1)",6,"t2m(t-1)",16,"rh(t-3)",NA,NA
"23",3,"ir, t2m, svpd",0.772613113832811,0.453806485086694,0.630264690235621,"Vietnam",2,"ir(t-1)",6,"t2m(t-1)",17,"svpd(t-0)",NA,NA
"24",3,"ir, tp, rh",0.783391843027193,0.432019134728585,0.617894874263512,"Vietnam",2,"ir(t-1)",9,"tp(t-0)",16,"rh(t-3)",NA,NA
"25",3,"ir, tp, svpd",0.780676910986187,0.452568470861821,0.620758893701239,"Vietnam",2,"ir(t-1)",9,"tp(t-0)",20,"svpd(t-3)",NA,NA
"26",3,"ir, rh, svpd",0.819154536214082,0.405927861543275,0.569130547558467,"Vietnam",2,"ir(t-1)",13,"rh(t-0)",20,"svpd(t-3)",NA,NA
"27",4,"ir, t2m, tp, svpd",0.783326122756937,0.483645995346494,0.619358480028145,"Vietnam",2,"ir(t-1)",5,"t2m(t-0)",9,"tp(t-0)",20,"svpd(t-3)"
"28",4,"ir, t2m, rh, svpd",0.79151207350806,0.454926184521593,0.609947595618806,"Vietnam",2,"ir(t-1)",5,"t2m(t-0)",13,"rh(t-0)",20,"svpd(t-3)"
"29",4,"ir, t2m, tp, rh",0.780791419634425,0.457620731017987,0.619877417974699,"Vietnam",2,"ir(t-1)",6,"t2m(t-1)",9,"tp(t-0)",16,"rh(t-3)"
"30",4,"ir, tp, rh, svpd",0.792368531853934,0.433802510359264,0.609260223425419,"Vietnam",2,"ir(t-1)",11,"tp(t-2)",13,"rh(t-0)",20,"svpd(t-3)"
"31",1,"ir",0.446634831902848,0.54959100631609,1.03605525169129,"Laos",2,"ir(t-1)",NA,NA,NA,NA,NA,NA
"32",2,"ir, t2m",0.716100068957977,0.338969573179189,0.727189937959799,"Laos",2,"ir(t-1)",5,"t2m(t-0)",NA,NA,NA,NA
"33",2,"ir, tp",0.642794956403476,0.411487010884352,0.782200061707988,"Laos",2,"ir(t-1)",12,"tp(t-3)",NA,NA,NA,NA
"34",2,"ir, rh",0.670739310203433,0.371457560292209,0.760460565356944,"Laos",2,"ir(t-1)",16,"rh(t-3)",NA,NA,NA,NA
"35",2,"ir, svpd",0.710322577347316,0.34299534948742,0.718773140240983,"Laos",2,"ir(t-1)",20,"svpd(t-3)",NA,NA,NA,NA
"36",3,"ir, t2m, tp",0.742821938433462,0.33839054445352,0.703036850652232,"Laos",2,"ir(t-1)",5,"t2m(t-0)",12,"tp(t-3)",NA,NA
"37",3,"ir, t2m, rh",0.737456557700817,0.359052831328647,0.70725243940437,"Laos",2,"ir(t-1)",5,"t2m(t-0)",16,"rh(t-3)",NA,NA
"38",3,"ir, t2m, svpd",0.715835029323709,0.331892065935086,0.715171605437776,"Laos",2,"ir(t-1)",8,"t2m(t-3)",20,"svpd(t-3)",NA,NA
"39",3,"ir, tp, rh",0.727916035502656,0.353357382235653,0.727215357247925,"Laos",2,"ir(t-1)",11,"tp(t-2)",16,"rh(t-3)",NA,NA
"40",3,"ir, tp, svpd",0.733001688911688,0.326250229223643,0.702983568762893,"Laos",2,"ir(t-1)",12,"tp(t-3)",20,"svpd(t-3)",NA,NA
"41",3,"ir, rh, svpd",0.698215802669756,0.356614100220288,0.73138845519767,"Laos",2,"ir(t-1)",16,"rh(t-3)",20,"svpd(t-3)",NA,NA
"42",4,"ir, t2m, tp, rh",0.744631433918547,0.355285003799526,0.697156763076039,"Laos",2,"ir(t-1)",5,"t2m(t-0)",12,"tp(t-3)",16,"rh(t-3)"
"43",4,"ir, t2m, tp, svpd",0.72673436291596,0.335941922213286,0.705684960158371,"Laos",2,"ir(t-1)",7,"t2m(t-2)",12,"tp(t-3)",20,"svpd(t-3)"
"44",4,"ir, t2m, rh, svpd",0.721304444774189,0.34455632810104,0.707811386948041,"Laos",2,"ir(t-1)",7,"t2m(t-2)",16,"rh(t-3)",20,"svpd(t-3)"
"45",4,"ir, tp, rh, svpd",0.694164753014412,0.355363330413702,0.737159754360434,"Laos",2,"ir(t-1)",12,"tp(t-3)",16,"rh(t-3)",20,"svpd(t-3)"
"46",1,"ir",0.56306069508862,0.493520248222708,0.95201322960419,"Dominican Republic",2,"ir(t-1)",NA,NA,NA,NA,NA,NA
"47",2,"ir, t2m",0.868189304145756,0.29274003589806,0.517147464219417,"Dominican Republic",2,"ir(t-1)",5,"t2m(t-0)",NA,NA,NA,NA
"48",2,"ir, tp",0.818077555433654,0.321327207661853,0.591038657149707,"Dominican Republic",2,"ir(t-1)",9,"tp(t-0)",NA,NA,NA,NA
"49",2,"ir, rh",0.795815039591891,0.323057547829876,0.628668075115167,"Dominican Republic",2,"ir(t-1)",15,"rh(t-2)",NA,NA,NA,NA
"50",2,"ir, svpd",0.823010300381678,0.331029578894321,0.585150271921757,"Dominican Republic",2,"ir(t-1)",18,"svpd(t-1)",NA,NA,NA,NA
"51",3,"ir, t2m, tp",0.885495759102407,0.294632666447067,0.486568740091672,"Dominican Republic",2,"ir(t-1)",5,"t2m(t-0)",12,"tp(t-3)",NA,NA
"52",3,"ir, t2m, rh",0.857849291054944,0.317611309259517,0.532477433716455,"Dominican Republic",2,"ir(t-1)",5,"t2m(t-0)",14,"rh(t-1)",NA,NA
"53",3,"ir, t2m, svpd",0.834663573321742,0.321468686873635,0.566460562022775,"Dominican Republic",2,"ir(t-1)",5,"t2m(t-0)",18,"svpd(t-1)",NA,NA
"54",3,"ir, tp, rh",0.879950683781037,0.313590872401725,0.501372053357826,"Dominican Republic",2,"ir(t-1)",9,"tp(t-0)",14,"rh(t-1)",NA,NA
"55",3,"ir, tp, svpd",0.884466740306806,0.29371690874209,0.499929938845981,"Dominican Republic",2,"ir(t-1)",12,"tp(t-3)",18,"svpd(t-1)",NA,NA
"56",3,"ir, rh, svpd",0.831378601861673,0.303299717395676,0.579831647301233,"Dominican Republic",2,"ir(t-1)",15,"rh(t-2)",19,"svpd(t-2)",NA,NA
"57",4,"ir, t2m, tp, rh",0.875196587702184,0.331164089066514,0.505847788322493,"Dominican Republic",2,"ir(t-1)",5,"t2m(t-0)",9,"tp(t-0)",14,"rh(t-1)"
"58",4,"ir, t2m, tp, svpd",0.876170558228895,0.300920970394923,0.503982162994258,"Dominican Republic",2,"ir(t-1)",5,"t2m(t-0)",12,"tp(t-3)",18,"svpd(t-1)"
"59",4,"ir, t2m, rh, svpd",0.823282471604094,0.340428382138645,0.585178228014269,"Dominican Republic",2,"ir(t-1)",5,"t2m(t-0)",14,"rh(t-1)",18,"svpd(t-1)"
"60",4,"ir, tp, rh, svpd",0.864835818646079,0.344510533112434,0.531360134747033,"Dominican Republic",2,"ir(t-1)",9,"tp(t-0)",14,"rh(t-1)",18,"svpd(t-1)"
"61",1,"ir",0.382105281845947,0.554404904899696,1.00917371015518,"Jamaica",2,"ir(t-1)",NA,NA,NA,NA,NA,NA
"62",2,"ir, t2m",0.31514172348633,0.542787554719446,1.00489183040045,"Jamaica",2,"ir(t-1)",7,"t2m(t-2)",NA,NA,NA,NA
"63",2,"ir, tp",0.278505899621194,0.537764800684065,1.0083102321555,"Jamaica",2,"ir(t-1)",11,"tp(t-2)",NA,NA,NA,NA
"64",2,"ir, rh",0.317813085525965,0.545587832112563,1.0014313657777,"Jamaica",2,"ir(t-1)",16,"rh(t-3)",NA,NA,NA,NA
"65",2,"ir, svpd",0.252927975928321,0.561105166229038,1.0662049708749,"Jamaica",2,"ir(t-1)",20,"svpd(t-3)",NA,NA,NA,NA
"66",3,"ir, t2m, tp",0.402804071614394,0.524808259073368,0.940346482729467,"Jamaica",2,"ir(t-1)",7,"t2m(t-2)",10,"tp(t-1)",NA,NA
"67",3,"ir, t2m, rh",0.34866160703719,0.537890407811397,0.973252291894319,"Jamaica",2,"ir(t-1)",7,"t2m(t-2)",15,"rh(t-2)",NA,NA
"68",3,"ir, t2m, svpd",0.362385070926411,0.527283890370255,0.964332717424076,"Jamaica",2,"ir(t-1)",7,"t2m(t-2)",19,"svpd(t-2)",NA,NA
"69",3,"ir, tp, rh",0.332798616092027,0.55109873709698,0.977258566697597,"Jamaica",2,"ir(t-1)",10,"tp(t-1)",15,"rh(t-2)",NA,NA
"70",3,"ir, tp, svpd",0.354133818542125,0.537452380975545,0.964128246269319,"Jamaica",2,"ir(t-1)",10,"tp(t-1)",18,"svpd(t-1)",NA,NA
"71",3,"ir, rh, svpd",0.299470757469633,0.553478410595681,1.00487668482407,"Jamaica",2,"ir(t-1)",16,"rh(t-3)",20,"svpd(t-3)",NA,NA
"72",4,"ir, t2m, tp, rh",0.38447272838304,0.544336061373426,0.947975954070945,"Jamaica",2,"ir(t-1)",7,"t2m(t-2)",10,"tp(t-1)",15,"rh(t-2)"
"73",4,"ir, t2m, tp, svpd",0.420309070828598,0.525487649369732,0.92776927382355,"Jamaica",2,"ir(t-1)",7,"t2m(t-2)",10,"tp(t-1)",19,"svpd(t-2)"
"74",4,"ir, t2m, rh, svpd",0.368376272871643,0.516686007101045,0.959398455290732,"Jamaica",2,"ir(t-1)",7,"t2m(t-2)",15,"rh(t-2)",19,"svpd(t-2)"
"75",4,"ir, tp, rh, svpd",0.346967633661031,0.553826269455418,0.962529932684849,"Jamaica",2,"ir(t-1)",10,"tp(t-1)",14,"rh(t-1)",18,"svpd(t-1)"
"76",1,"ir",0.370685464035979,0.600205071314455,1.05621855298263,"Belize",2,"ir(t-1)",NA,NA,NA,NA,NA,NA
"77",2,"ir, t2m",0.651774576048995,0.481245546492062,0.775109302301688,"Belize",2,"ir(t-1)",5,"t2m(t-0)",NA,NA,NA,NA
"78",2,"ir, tp",0.574121827705755,0.51958299400473,0.840547110742503,"Belize",2,"ir(t-1)",9,"tp(t-0)",NA,NA,NA,NA
"79",2,"ir, rh",0.556333437279843,0.51059158304829,0.853517788689263,"Belize",2,"ir(t-1)",16,"rh(t-3)",NA,NA,NA,NA
"80",2,"ir, svpd",0.669357846822767,0.4401247003189,0.757822892694231,"Belize",2,"ir(t-1)",19,"svpd(t-2)",NA,NA,NA,NA
"81",3,"ir, t2m, tp",0.70210840425748,0.463638720377318,0.724478105798662,"Belize",2,"ir(t-1)",5,"t2m(t-0)",10,"tp(t-1)",NA,NA
"82",3,"ir, t2m, svpd",0.743931908259165,0.429492986017088,0.693310810876505,"Belize",2,"ir(t-1)",5,"t2m(t-0)",19,"svpd(t-2)",NA,NA
"83",3,"ir, t2m, rh",0.711987431076603,0.420276705506101,0.719411871953923,"Belize",2,"ir(t-1)",6,"t2m(t-1)",16,"rh(t-3)",NA,NA
"84",3,"ir, tp, svpd",0.735433651561248,0.421739145655158,0.696163914340561,"Belize",2,"ir(t-1)",9,"tp(t-0)",20,"svpd(t-3)",NA,NA
"85",3,"ir, tp, rh",0.681671724956692,0.463706141866811,0.750756247673626,"Belize",2,"ir(t-1)",10,"tp(t-1)",16,"rh(t-3)",NA,NA
"86",3,"ir, rh, svpd",0.737375489084009,0.412524177730918,0.705405868533667,"Belize",2,"ir(t-1)",14,"rh(t-1)",20,"svpd(t-3)",NA,NA
"87",4,"ir, t2m, tp, svpd",0.77866309786274,0.411032523822471,0.669116136768645,"Belize",2,"ir(t-1)",5,"t2m(t-0)",9,"tp(t-0)",20,"svpd(t-3)"
"88",4,"ir, t2m, tp, rh",0.729160912723522,0.429690036011931,0.707334579637928,"Belize",2,"ir(t-1)",6,"t2m(t-1)",10,"tp(t-1)",16,"rh(t-3)"
"89",4,"ir, t2m, rh, svpd",0.798260898407215,0.387032424853263,0.644107153477662,"Belize",2,"ir(t-1)",6,"t2m(t-1)",14,"rh(t-1)",20,"svpd(t-3)"
"90",4,"ir, tp, rh, svpd",0.797172633659109,0.401331596348825,0.647706325520717,"Belize",2,"ir(t-1)",11,"tp(t-2)",14,"rh(t-1)",20,"svpd(t-3)"
"91",1,"ir",0.348497592241818,0.767407707385388,1.03678657322142,"Thailand",2,"ir(t-1)",NA,NA,NA,NA,NA,NA
"92",2,"ir, t2m",0.764845128911695,0.428422241744382,0.646162918969275,"Thailand",2,"ir(t-1)",6,"t2m(t-1)",NA,NA,NA,NA
"93",2,"ir, tp",0.773794378776677,0.437075996493651,0.628205894199335,"Thailand",2,"ir(t-1)",12,"tp(t-3)",NA,NA,NA,NA
"94",2,"ir, rh",0.69849387294837,0.505911106633777,0.718729982466446,"Thailand",2,"ir(t-1)",16,"rh(t-3)",NA,NA,NA,NA
"95",2,"ir, svpd",0.704766056779277,0.519553226025551,0.707742956842388,"Thailand",2,"ir(t-1)",20,"svpd(t-3)",NA,NA,NA,NA
"96",3,"ir, t2m, tp",0.823999057730173,0.394482673588897,0.56339955156518,"Thailand",2,"ir(t-1)",6,"t2m(t-1)",9,"tp(t-0)",NA,NA
"97",3,"ir, t2m, rh",0.845951854029299,0.364443647696364,0.531645531548061,"Thailand",2,"ir(t-1)",6,"t2m(t-1)",16,"rh(t-3)",NA,NA
"98",3,"ir, t2m, svpd",0.796522329455136,0.424789840182702,0.599402341138807,"Thailand",2,"ir(t-1)",6,"t2m(t-1)",20,"svpd(t-3)",NA,NA
"99",3,"ir, tp, rh",0.836392678702024,0.390399839037064,0.543365754104259,"Thailand",2,"ir(t-1)",9,"tp(t-0)",16,"rh(t-3)",NA,NA
"100",3,"ir, tp, svpd",0.824212272336544,0.413783028789257,0.563443578620207,"Thailand",2,"ir(t-1)",9,"tp(t-0)",18,"svpd(t-1)",NA,NA
"101",3,"ir, rh, svpd",0.794192528449723,0.431793073255365,0.602475582291938,"Thailand",2,"ir(t-1)",14,"rh(t-1)",20,"svpd(t-3)",NA,NA
"102",4,"ir, t2m, tp, rh",0.854345030074338,0.390119081551758,0.524430338236105,"Thailand",2,"ir(t-1)",5,"t2m(t-0)",9,"tp(t-0)",14,"rh(t-1)"
"103",4,"ir, t2m, tp, svpd",0.837785550629709,0.387244570375812,0.542685821830636,"Thailand",2,"ir(t-1)",5,"t2m(t-0)",9,"tp(t-0)",20,"svpd(t-3)"
"104",4,"ir, t2m, rh, svpd",0.821149175563621,0.398368203206056,0.567495260711812,"Thailand",2,"ir(t-1)",6,"t2m(t-1)",16,"rh(t-3)",17,"svpd(t-0)"
"105",4,"ir, tp, rh, svpd",0.851072121603839,0.387079642026778,0.52236028247322,"Thailand",2,"ir(t-1)",9,"tp(t-0)",15,"rh(t-2)",20,"svpd(t-3)"
"106",1,"ir",0.405696945492759,0.515253157334599,0.960768104188798,"Guatemala",2,"ir(t-1)",NA,NA,NA,NA,NA,NA
"107",2,"ir, t2m",0.608987773932058,0.446805721707461,0.809020322463165,"Guatemala",2,"ir(t-1)",6,"t2m(t-1)",NA,NA,NA,NA
"108",2,"ir, tp",0.522825192537672,0.48925323361056,0.870679779219911,"Guatemala",2,"ir(t-1)",12,"tp(t-3)",NA,NA,NA,NA
"109",2,"ir, rh",0.502902697297131,0.481889661526646,0.887959258000306,"Guatemala",2,"ir(t-1)",16,"rh(t-3)",NA,NA,NA,NA
"110",2,"ir, svpd",0.596888732926309,0.42892277220061,0.828546450070001,"Guatemala",2,"ir(t-1)",20,"svpd(t-3)",NA,NA,NA,NA
"111",3,"ir, t2m, rh",0.623898682204063,0.426354852054742,0.810389170803035,"Guatemala",2,"ir(t-1)",5,"t2m(t-0)",13,"rh(t-0)",NA,NA
"112",3,"ir, t2m, tp",0.662332839409491,0.427345478510906,0.781956407019094,"Guatemala",2,"ir(t-1)",6,"t2m(t-1)",10,"tp(t-1)",NA,NA
"113",3,"ir, t2m, svpd",0.695069432326,0.42100236499713,0.754801846040892,"Guatemala",2,"ir(t-1)",6,"t2m(t-1)",20,"svpd(t-3)",NA,NA
"114",3,"ir, tp, rh",0.576616007686514,0.45322946704981,0.841647833918411,"Guatemala",2,"ir(t-1)",10,"tp(t-1)",16,"rh(t-3)",NA,NA
"115",3,"ir, tp, svpd",0.628524982771707,0.426368785963139,0.808169009237829,"Guatemala",2,"ir(t-1)",10,"tp(t-1)",20,"svpd(t-3)",NA,NA
"116",3,"ir, rh, svpd",0.644468151349273,0.428138515078203,0.793188679865523,"Guatemala",2,"ir(t-1)",13,"rh(t-0)",20,"svpd(t-3)",NA,NA
"117",4,"ir, t2m, tp, rh",0.686319904470616,0.419565045342725,0.764549678347401,"Guatemala",2,"ir(t-1)",5,"t2m(t-0)",10,"tp(t-1)",13,"rh(t-0)"
"118",4,"ir, t2m, tp, svpd",0.683763619248193,0.419113547896321,0.767048301335318,"Guatemala",2,"ir(t-1)",5,"t2m(t-0)",10,"tp(t-1)",17,"svpd(t-0)"
"119",4,"ir, t2m, rh, svpd",0.687812011386689,0.416221151209805,0.771819047697925,"Guatemala",2,"ir(t-1)",5,"t2m(t-0)",13,"rh(t-0)",20,"svpd(t-3)"
"120",4,"ir, tp, rh, svpd",0.614255585523481,0.453401689941409,0.815588490627154,"Guatemala",2,"ir(t-1)",10,"tp(t-1)",13,"rh(t-0)",20,"svpd(t-3)"
"121",1,"ir",0.433567918792345,0.538854699597175,0.991063272565645,"Honduras",2,"ir(t-1)",NA,NA,NA,NA,NA,NA
"122",2,"ir, t2m",0.568765803833213,0.487402161026122,0.848670713596533,"Honduras",2,"ir(t-1)",6,"t2m(t-1)",NA,NA,NA,NA
"123",2,"ir, tp",0.58249466472262,0.437406465709003,0.83575324522108,"Honduras",2,"ir(t-1)",11,"tp(t-2)",NA,NA,NA,NA
"124",2,"ir, rh",0.631977594153816,0.409915242113293,0.797271459367073,"Honduras",2,"ir(t-1)",15,"rh(t-2)",NA,NA,NA,NA
"125",2,"ir, svpd",0.608509971212352,0.437720331256144,0.811809404825492,"Honduras",2,"ir(t-1)",20,"svpd(t-3)",NA,NA,NA,NA
"126",3,"ir, t2m, tp",0.626488088651561,0.443314646360946,0.792809523130938,"Honduras",2,"ir(t-1)",5,"t2m(t-0)",11,"tp(t-2)",NA,NA
"127",3,"ir, t2m, svpd",0.653210044875428,0.425509835092356,0.780370230292289,"Honduras",2,"ir(t-1)",5,"t2m(t-0)",19,"svpd(t-2)",NA,NA
"128",3,"ir, t2m, rh",0.66034318158288,0.440679483153248,0.773599317735784,"Honduras",2,"ir(t-1)",6,"t2m(t-1)",15,"rh(t-2)",NA,NA
"129",3,"ir, tp, rh",0.678900582957587,0.400663444470321,0.771673197135094,"Honduras",2,"ir(t-1)",11,"tp(t-2)",15,"rh(t-2)",NA,NA
"130",3,"ir, tp, svpd",0.658286996535765,0.412119107792062,0.786072042059293,"Honduras",2,"ir(t-1)",11,"tp(t-2)",19,"svpd(t-2)",NA,NA
"131",3,"ir, rh, svpd",0.649169346807663,0.424354121135122,0.794935868924361,"Honduras",2,"ir(t-1)",16,"rh(t-3)",20,"svpd(t-3)",NA,NA
"132",4,"ir, t2m, tp, rh",0.697160010007246,0.410355700840761,0.763261563441253,"Honduras",2,"ir(t-1)",5,"t2m(t-0)",11,"tp(t-2)",15,"rh(t-2)"
"133",4,"ir, t2m, tp, svpd",0.688404330740552,0.41869568992425,0.777002052524936,"Honduras",2,"ir(t-1)",5,"t2m(t-0)",11,"tp(t-2)",19,"svpd(t-2)"
"134",4,"ir, t2m, rh, svpd",0.678332757559321,0.450615117307983,0.776359755531082,"Honduras",2,"ir(t-1)",5,"t2m(t-0)",16,"rh(t-3)",19,"svpd(t-2)"
"135",4,"ir, tp, rh, svpd",0.676543357341295,0.405886599765851,0.7840818330227,"Honduras",2,"ir(t-1)",11,"tp(t-2)",15,"rh(t-2)",17,"svpd(t-0)"
"136",1,"ir",0.414091247173924,0.582292873769223,1.06415840682782,"El Salvador",2,"ir(t-1)",NA,NA,NA,NA,NA,NA
"137",2,"ir, t2m",0.704509723457932,0.427732392433485,0.734330882148254,"El Salvador",2,"ir(t-1)",5,"t2m(t-0)",NA,NA,NA,NA
"138",2,"ir, tp",0.699051238472213,0.412034573344785,0.736251816403618,"El Salvador",2,"ir(t-1)",10,"tp(t-1)",NA,NA,NA,NA
"139",2,"ir, rh",0.811775223724764,0.360088231870518,0.601250960299084,"El Salvador",2,"ir(t-1)",16,"rh(t-3)",NA,NA,NA,NA
"140",2,"ir, svpd",0.770187235204535,0.391832724380472,0.655344906920815,"El Salvador",2,"ir(t-1)",20,"svpd(t-3)",NA,NA,NA,NA
"141",3,"ir, t2m, tp",0.806889980347397,0.392230513012552,0.620646843723688,"El Salvador",2,"ir(t-1)",5,"t2m(t-0)",12,"tp(t-3)",NA,NA
"142",3,"ir, t2m, rh",0.833318111470728,0.33303394618888,0.568302058698384,"El Salvador",2,"ir(t-1)",6,"t2m(t-1)",16,"rh(t-3)",NA,NA
"143",3,"ir, t2m, svpd",0.832162378871611,0.347746288396556,0.577928423169584,"El Salvador",2,"ir(t-1)",6,"t2m(t-1)",20,"svpd(t-3)",NA,NA
"144",3,"ir, tp, svpd",0.829131930406702,0.365158885814626,0.58287531113203,"El Salvador",2,"ir(t-1)",10,"tp(t-1)",20,"svpd(t-3)",NA,NA
"145",3,"ir, tp, rh",0.811455229007464,0.375080944382505,0.614033428266596,"El Salvador",2,"ir(t-1)",12,"tp(t-3)",16,"rh(t-3)",NA,NA
"146",3,"ir, rh, svpd",0.79225559144451,0.420084163723999,0.636048110187414,"El Salvador",2,"ir(t-1)",14,"rh(t-1)",20,"svpd(t-3)",NA,NA
"147",4,"ir, t2m, tp, rh",0.830214673700741,0.381282542539654,0.599969594200003,"El Salvador",2,"ir(t-1)",5,"t2m(t-0)",12,"tp(t-3)",16,"rh(t-3)"
"148",4,"ir, t2m, tp, svpd",0.840094022645806,0.358640444217238,0.581217887783203,"El Salvador",2,"ir(t-1)",5,"t2m(t-0)",12,"tp(t-3)",20,"svpd(t-3)"
"149",4,"ir, t2m, rh, svpd",0.851197735108792,0.351404967963847,0.548820708108239,"El Salvador",2,"ir(t-1)",6,"t2m(t-1)",13,"rh(t-0)",20,"svpd(t-3)"
"150",4,"ir, tp, rh, svpd",0.845583010284125,0.365844184490017,0.578512205415519,"El Salvador",2,"ir(t-1)",10,"tp(t-1)",15,"rh(t-2)",20,"svpd(t-3)"
"151",1,"ir",0.264858040749638,0.705109362434378,1.18418215711244,"Nicaragua",2,"ir(t-1)",NA,NA,NA,NA,NA,NA
"152",2,"ir, t2m",0.60437257674555,0.498858566679943,0.808573571306075,"Nicaragua",2,"ir(t-1)",7,"t2m(t-2)",NA,NA,NA,NA
"153",2,"ir, tp",0.503318757430033,0.519866391547416,0.894243521389125,"Nicaragua",2,"ir(t-1)",9,"tp(t-0)",NA,NA,NA,NA
"154",2,"ir, rh",0.445319017842078,0.582630858830655,0.986485801544325,"Nicaragua",2,"ir(t-1)",13,"rh(t-0)",NA,NA,NA,NA
"155",2,"ir, svpd",0.527708951462212,0.495998845963471,0.883551643201723,"Nicaragua",2,"ir(t-1)",19,"svpd(t-2)",NA,NA,NA,NA
"156",3,"ir, t2m, tp",0.620599854604798,0.479887523072386,0.794554224642171,"Nicaragua",2,"ir(t-1)",6,"t2m(t-1)",9,"tp(t-0)",NA,NA
"157",3,"ir, t2m, rh",0.603236087147977,0.483813098824534,0.812933377650026,"Nicaragua",2,"ir(t-1)",7,"t2m(t-2)",13,"rh(t-0)",NA,NA
"158",3,"ir, t2m, svpd",0.621788374464665,0.492838170805533,0.79312157062081,"Nicaragua",2,"ir(t-1)",7,"t2m(t-2)",17,"svpd(t-0)",NA,NA
"159",3,"ir, tp, rh",0.547020980723096,0.517256936861391,0.86463598269413,"Nicaragua",2,"ir(t-1)",9,"tp(t-0)",15,"rh(t-2)",NA,NA
"160",3,"ir, tp, svpd",0.574083637992903,0.475629293644621,0.829300915276298,"Nicaragua",2,"ir(t-1)",12,"tp(t-3)",18,"svpd(t-1)",NA,NA
"161",3,"ir, rh, svpd",0.548533216314082,0.483010040973811,0.862734440800609,"Nicaragua",2,"ir(t-1)",15,"rh(t-2)",19,"svpd(t-2)",NA,NA
"162",4,"ir, t2m, tp, rh",0.633182177853005,0.468823024733565,0.78361756532461,"Nicaragua",2,"ir(t-1)",7,"t2m(t-2)",9,"tp(t-0)",13,"rh(t-0)"
"163",4,"ir, t2m, tp, svpd",0.629802228118516,0.48149006898156,0.785574688121949,"Nicaragua",2,"ir(t-1)",7,"t2m(t-2)",10,"tp(t-1)",17,"svpd(t-0)"
"164",4,"ir, t2m, rh, svpd",0.656591312611718,0.462336120274484,0.761361316701801,"Nicaragua",2,"ir(t-1)",7,"t2m(t-2)",13,"rh(t-0)",18,"svpd(t-1)"
"165",4,"ir, tp, rh, svpd",0.581087789073187,0.493236752889951,0.8305399436031,"Nicaragua",2,"ir(t-1)",9,"tp(t-0)",13,"rh(t-0)",19,"svpd(t-2)"
"166",1,"ir",0.0498313695044428,0.913608281905704,1.28094989025098,"Cambodia",2,"ir(t-1)",NA,NA,NA,NA,NA,NA
"167",2,"ir, t2m",0.710505691004037,0.482605305519886,0.705379472509175,"Cambodia",2,"ir(t-1)",7,"t2m(t-2)",NA,NA,NA,NA
"168",2,"ir, tp",0.55749309723946,0.537470591822935,0.858089508048586,"Cambodia",2,"ir(t-1)",12,"tp(t-3)",NA,NA,NA,NA
"169",2,"ir, rh",0.588564575966355,0.558404806886155,0.82997489372486,"Cambodia",2,"ir(t-1)",15,"rh(t-2)",NA,NA,NA,NA
"170",2,"ir, svpd",0.703464934708964,0.487495223089724,0.720352054129275,"Cambodia",2,"ir(t-1)",19,"svpd(t-2)",NA,NA,NA,NA
"171",3,"ir, t2m, tp",0.764480775322002,0.439447812845038,0.650086623529409,"Cambodia",2,"ir(t-1)",7,"t2m(t-2)",11,"tp(t-2)",NA,NA
"172",3,"ir, t2m, rh",0.750661514483307,0.435758903203301,0.663105085044588,"Cambodia",2,"ir(t-1)",7,"t2m(t-2)",15,"rh(t-2)",NA,NA
"173",3,"ir, t2m, svpd",0.776995215127408,0.409117815070339,0.634188873744792,"Cambodia",2,"ir(t-1)",7,"t2m(t-2)",18,"svpd(t-1)",NA,NA
"174",3,"ir, tp, svpd",0.70233605929127,0.486604099554072,0.716253884492091,"Cambodia",2,"ir(t-1)",9,"tp(t-0)",19,"svpd(t-2)",NA,NA
"175",3,"ir, tp, rh",0.692073589427721,0.517082385751312,0.740745088761727,"Cambodia",2,"ir(t-1)",10,"tp(t-1)",14,"rh(t-1)",NA,NA
"176",3,"ir, rh, svpd",0.702358253503313,0.487332045814409,0.717963516479406,"Cambodia",2,"ir(t-1)",15,"rh(t-2)",19,"svpd(t-2)",NA,NA
"177",4,"ir, t2m, rh, svpd",0.762929363030709,0.414120783464918,0.648166587260418,"Cambodia",2,"ir(t-1)",6,"t2m(t-1)",15,"rh(t-2)",19,"svpd(t-2)"
"178",4,"ir, t2m, tp, svpd",0.763899115817153,0.438689341498927,0.646896065456769,"Cambodia",2,"ir(t-1)",7,"t2m(t-2)",10,"tp(t-1)",20,"svpd(t-3)"
"179",4,"ir, t2m, tp, rh",0.751410371358249,0.450951969406231,0.664320998265983,"Cambodia",2,"ir(t-1)",7,"t2m(t-2)",11,"tp(t-2)",15,"rh(t-2)"
"180",4,"ir, tp, rh, svpd",0.712302788995031,0.476100424557637,0.705757553307204,"Cambodia",2,"ir(t-1)",10,"tp(t-1)",16,"rh(t-3)",18,"svpd(t-1)"
"181",1,"ir",0.195021124471771,0.76655597988211,1.06932392043951,"Philippines",2,"ir(t-1)",NA,NA,NA,NA,NA,NA
"182",2,"ir, t2m",0.599265526090865,0.564248411200658,0.810038563905599,"Philippines",2,"ir(t-1)",7,"t2m(t-2)",NA,NA,NA,NA
"183",2,"ir, tp",0.489187695174072,0.619447089974556,0.902554504687189,"Philippines",2,"ir(t-1)",12,"tp(t-3)",NA,NA,NA,NA
"184",2,"ir, rh",0.497151411530725,0.649135749678909,0.877692534801789,"Philippines",2,"ir(t-1)",16,"rh(t-3)",NA,NA,NA,NA
"185",2,"ir, svpd",0.656524720561959,0.539041771263245,0.762134376078982,"Philippines",2,"ir(t-1)",20,"svpd(t-3)",NA,NA,NA,NA
"186",3,"ir, t2m, tp",0.690505843321552,0.51080926857147,0.725115584593964,"Philippines",2,"ir(t-1)",6,"t2m(t-1)",12,"tp(t-3)",NA,NA
"187",3,"ir, t2m, rh",0.714199601294068,0.485410630339251,0.711797812344227,"Philippines",2,"ir(t-1)",6,"t2m(t-1)",16,"rh(t-3)",NA,NA
"188",3,"ir, t2m, svpd",0.742163350530396,0.4557881908984,0.678828227416182,"Philippines",2,"ir(t-1)",6,"t2m(t-1)",20,"svpd(t-3)",NA,NA
"189",3,"ir, tp, svpd",0.759226081658283,0.432167369009705,0.656964558527271,"Philippines",2,"ir(t-1)",10,"tp(t-1)",20,"svpd(t-3)",NA,NA
"190",3,"ir, tp, rh",0.685556836323756,0.492445742539641,0.748708291841064,"Philippines",2,"ir(t-1)",11,"tp(t-2)",13,"rh(t-0)",NA,NA
"191",3,"ir, rh, svpd",0.753359852797634,0.441916186981085,0.668441854290812,"Philippines",2,"ir(t-1)",14,"rh(t-1)",20,"svpd(t-3)",NA,NA
"192",4,"ir, t2m, tp, rh",0.740400285575941,0.434863016803456,0.676351919031323,"Philippines",2,"ir(t-1)",6,"t2m(t-1)",10,"tp(t-1)",16,"rh(t-3)"
"193",4,"ir, t2m, rh, svpd",0.750405024718306,0.447175192324049,0.668445130099435,"Philippines",2,"ir(t-1)",6,"t2m(t-1)",14,"rh(t-1)",20,"svpd(t-3)"
"194",4,"ir, t2m, tp, svpd",0.743264375693306,0.434710678744874,0.670476521078964,"Philippines",2,"ir(t-1)",7,"t2m(t-2)",10,"tp(t-1)",20,"svpd(t-3)"
"195",4,"ir, tp, rh, svpd",0.757879400693704,0.439893147813134,0.659869292142623,"Philippines",2,"ir(t-1)",10,"tp(t-1)",16,"rh(t-3)",20,"svpd(t-3)"
"196",1,"ir",0.468192484250347,0.622975978212329,0.941920105101234,"Costa Rica",2,"ir(t-1)",NA,NA,NA,NA,NA,NA
"197",2,"ir, t2m",0.814709482162252,0.412224802229039,0.593906980535611,"Costa Rica",2,"ir(t-1)",5,"t2m(t-0)",NA,NA,NA,NA
"198",2,"ir, tp",0.67124118309234,0.534350197248773,0.76716825345789,"Costa Rica",2,"ir(t-1)",9,"tp(t-0)",NA,NA,NA,NA
"199",2,"ir, rh",0.75822076021766,0.471809666562861,0.66283948371312,"Costa Rica",2,"ir(t-1)",15,"rh(t-2)",NA,NA,NA,NA
"200",2,"ir, svpd",0.749611951331263,0.428585588316792,0.677193548812838,"Costa Rica",2,"ir(t-1)",20,"svpd(t-3)",NA,NA,NA,NA
"201",3,"ir, t2m, tp",0.815768861396346,0.37638288062447,0.586811495184416,"Costa Rica",2,"ir(t-1)",5,"t2m(t-0)",9,"tp(t-0)",NA,NA
"202",3,"ir, t2m, rh",0.860382099188892,0.346020789833662,0.517419250426524,"Costa Rica",2,"ir(t-1)",5,"t2m(t-0)",13,"rh(t-0)",NA,NA
"203",3,"ir, t2m, svpd",0.865529912731895,0.335240143962351,0.508707759056714,"Costa Rica",2,"ir(t-1)",5,"t2m(t-0)",17,"svpd(t-0)",NA,NA
"204",3,"ir, tp, rh",0.817963749634116,0.391115784385221,0.58987157052515,"Costa Rica",2,"ir(t-1)",9,"tp(t-0)",15,"rh(t-2)",NA,NA
"205",3,"ir, tp, svpd",0.805064056602748,0.393305910057472,0.605917638802123,"Costa Rica",2,"ir(t-1)",9,"tp(t-0)",19,"svpd(t-2)",NA,NA
"206",3,"ir, rh, svpd",0.809463096763975,0.40483384348617,0.600158708322897,"Costa Rica",2,"ir(t-1)",15,"rh(t-2)",17,"svpd(t-0)",NA,NA
"207",4,"ir, t2m, tp, rh",0.833284005671169,0.362616056182208,0.561019047879924,"Costa Rica",2,"ir(t-1)",5,"t2m(t-0)",9,"tp(t-0)",13,"rh(t-0)"
"208",4,"ir, t2m, rh, svpd",0.856650221440937,0.353250964466301,0.524663458702809,"Costa Rica",2,"ir(t-1)",5,"t2m(t-0)",13,"rh(t-0)",17,"svpd(t-0)"
"209",4,"ir, t2m, tp, svpd",0.832535955835741,0.37297718316237,0.564080315598284,"Costa Rica",2,"ir(t-1)",6,"t2m(t-1)",9,"tp(t-0)",17,"svpd(t-0)"
"210",4,"ir, tp, rh, svpd",0.808678508677679,0.403846343330583,0.605451198576778,"Costa Rica",2,"ir(t-1)",9,"tp(t-0)",15,"rh(t-2)",18,"svpd(t-1)"
"211",1,"ir",0.145511744197454,0.771040142686453,1.04838844649367,"Panama",2,"ir(t-1)",NA,NA,NA,NA,NA,NA
"212",2,"ir, t2m",0.496876977808335,0.611130395757618,0.805855756582943,"Panama",2,"ir(t-1)",5,"t2m(t-0)",NA,NA,NA,NA
"213",2,"ir, tp",0.545574253742474,0.579208282313609,0.754508328154382,"Panama",2,"ir(t-1)",10,"tp(t-1)",NA,NA,NA,NA
"214",2,"ir, rh",0.637099329659499,0.508757726972958,0.686526112464997,"Panama",2,"ir(t-1)",13,"rh(t-0)",NA,NA,NA,NA
"215",2,"ir, svpd",0.616074239956784,0.508851715393294,0.702499609203386,"Panama",2,"ir(t-1)",17,"svpd(t-0)",NA,NA,NA,NA
"216",3,"ir, t2m, tp",0.649924927785347,0.502690203568806,0.655961389938328,"Panama",2,"ir(t-1)",7,"t2m(t-2)",10,"tp(t-1)",NA,NA
"217",3,"ir, t2m, rh",0.674575978806773,0.46757136369756,0.636904073281277,"Panama",2,"ir(t-1)",7,"t2m(t-2)",13,"rh(t-0)",NA,NA
"218",3,"ir, t2m, svpd",0.676033411396423,0.464995859245506,0.636251308215444,"Panama",2,"ir(t-1)",7,"t2m(t-2)",17,"svpd(t-0)",NA,NA
"219",3,"ir, tp, rh",0.654726033388489,0.485176931424638,0.662715308104019,"Panama",2,"ir(t-1)",12,"tp(t-3)",13,"rh(t-0)",NA,NA
"220",3,"ir, tp, svpd",0.645536117845776,0.489838512078722,0.672543683823707,"Panama",2,"ir(t-1)",12,"tp(t-3)",17,"svpd(t-0)",NA,NA
"221",3,"ir, rh, svpd",0.657336756677806,0.510233927708726,0.660589117703193,"Panama",2,"ir(t-1)",16,"rh(t-3)",17,"svpd(t-0)",NA,NA
"222",4,"ir, t2m, tp, rh",0.686220136998271,0.463077904380881,0.624596707112105,"Panama",2,"ir(t-1)",5,"t2m(t-0)",11,"tp(t-2)",13,"rh(t-0)"
"223",4,"ir, t2m, tp, svpd",0.685485078676082,0.462669254848635,0.625952904565351,"Panama",2,"ir(t-1)",5,"t2m(t-0)",11,"tp(t-2)",17,"svpd(t-0)"
"224",4,"ir, t2m, rh, svpd",0.687017872466742,0.473979463827236,0.623828159332691,"Panama",2,"ir(t-1)",5,"t2m(t-0)",13,"rh(t-0)",17,"svpd(t-0)"
"225",4,"ir, tp, rh, svpd",0.685861932864094,0.453283719009109,0.633502184689852,"Panama",2,"ir(t-1)",12,"tp(t-3)",13,"rh(t-0)",17,"svpd(t-0)"
"226",1,"ir",0.435738516575432,0.588055573042109,0.967619669901406,"Sri Lanka",2,"ir(t-1)",NA,NA,NA,NA,NA,NA
"227",2,"ir, t2m",0.607518318814067,0.515659973095272,0.804100944037693,"Sri Lanka",2,"ir(t-1)",8,"t2m(t-3)",NA,NA,NA,NA
"228",2,"ir, tp",0.530575907998601,0.537266915056278,0.87750333078176,"Sri Lanka",2,"ir(t-1)",9,"tp(t-0)",NA,NA,NA,NA
"229",2,"ir, rh",0.523975472888132,0.548971931324015,0.878463907650654,"Sri Lanka",2,"ir(t-1)",13,"rh(t-0)",NA,NA,NA,NA
"230",2,"ir, svpd",0.53280746651659,0.55888010312637,0.866245000734411,"Sri Lanka",2,"ir(t-1)",17,"svpd(t-0)",NA,NA,NA,NA
"231",3,"ir, t2m, tp",0.614225908086161,0.494187250363699,0.806499436535972,"Sri Lanka",2,"ir(t-1)",8,"t2m(t-3)",12,"tp(t-3)",NA,NA
"232",3,"ir, t2m, rh",0.633461754152897,0.476614541324774,0.788234342485423,"Sri Lanka",2,"ir(t-1)",8,"t2m(t-3)",16,"rh(t-3)",NA,NA
"233",3,"ir, t2m, svpd",0.654365439994988,0.465849043757073,0.763383055198916,"Sri Lanka",2,"ir(t-1)",8,"t2m(t-3)",20,"svpd(t-3)",NA,NA
"234",3,"ir, tp, rh",0.568164648228897,0.501035499784088,0.846652374563159,"Sri Lanka",2,"ir(t-1)",12,"tp(t-3)",13,"rh(t-0)",NA,NA
"235",3,"ir, tp, svpd",0.634530544741741,0.485752501818827,0.787507663282291,"Sri Lanka",2,"ir(t-1)",12,"tp(t-3)",19,"svpd(t-2)",NA,NA
"236",3,"ir, rh, svpd",0.603427016571194,0.516162210511327,0.807845963753677,"Sri Lanka",2,"ir(t-1)",13,"rh(t-0)",18,"svpd(t-1)",NA,NA
"237",4,"ir, t2m, tp, rh",0.65218267596465,0.43672890929754,0.76962541851298,"Sri Lanka",2,"ir(t-1)",8,"t2m(t-3)",10,"tp(t-1)",16,"rh(t-3)"
"238",4,"ir, t2m, tp, svpd",0.687910704914448,0.445634275690571,0.73251770454491,"Sri Lanka",2,"ir(t-1)",8,"t2m(t-3)",11,"tp(t-2)",20,"svpd(t-3)"
"239",4,"ir, t2m, rh, svpd",0.692854694191096,0.432805894774961,0.730589335673843,"Sri Lanka",2,"ir(t-1)",8,"t2m(t-3)",16,"rh(t-3)",17,"svpd(t-0)"
"240",4,"ir, tp, rh, svpd",0.64479182993253,0.486103103327181,0.772930612292526,"Sri Lanka",2,"ir(t-1)",9,"tp(t-0)",15,"rh(t-2)",19,"svpd(t-2)"
"241",1,"ir",0.349229502993635,0.619539184874981,0.985546832449733,"Venezuela",2,"ir(t-1)",NA,NA,NA,NA,NA,NA
"242",2,"ir, t2m",0.444342113344962,0.469022845749041,0.925738924880332,"Venezuela",2,"ir(t-1)",7,"t2m(t-2)",NA,NA,NA,NA
"243",2,"ir, tp",0.612803950587408,0.463038624292014,0.794498219568207,"Venezuela",2,"ir(t-1)",10,"tp(t-1)",NA,NA,NA,NA
"244",2,"ir, rh",0.489967787151407,0.493174869756164,0.874212636852452,"Venezuela",2,"ir(t-1)",14,"rh(t-1)",NA,NA,NA,NA
"245",2,"ir, svpd",0.548583022320191,0.443757803418722,0.837783974562021,"Venezuela",2,"ir(t-1)",18,"svpd(t-1)",NA,NA,NA,NA
"246",3,"ir, t2m, tp",0.619391998098195,0.469525302884449,0.783002997886185,"Venezuela",2,"ir(t-1)",6,"t2m(t-1)",9,"tp(t-0)",NA,NA
"247",3,"ir, t2m, rh",0.589426498273094,0.458709295337993,0.808316278202297,"Venezuela",2,"ir(t-1)",6,"t2m(t-1)",13,"rh(t-0)",NA,NA
"248",3,"ir, t2m, svpd",0.587732749139023,0.457472005156041,0.818671730912575,"Venezuela",2,"ir(t-1)",6,"t2m(t-1)",18,"svpd(t-1)",NA,NA
"249",3,"ir, tp, rh",0.62521863164412,0.440613415950167,0.778599883594016,"Venezuela",2,"ir(t-1)",10,"tp(t-1)",14,"rh(t-1)",NA,NA
"250",3,"ir, tp, svpd",0.604570220615893,0.448447342739892,0.797085165361138,"Venezuela",2,"ir(t-1)",10,"tp(t-1)",18,"svpd(t-1)",NA,NA
"251",3,"ir, rh, svpd",0.585551004219572,0.456936802048643,0.808637705637903,"Venezuela",2,"ir(t-1)",16,"rh(t-3)",18,"svpd(t-1)",NA,NA
"252",4,"ir, t2m, tp, svpd",0.631896745799509,0.44888991705103,0.771712283301421,"Venezuela",2,"ir(t-1)",6,"t2m(t-1)",9,"tp(t-0)",17,"svpd(t-0)"
"253",4,"ir, t2m, tp, rh",0.645236396912921,0.448033542231425,0.760797635536093,"Venezuela",2,"ir(t-1)",6,"t2m(t-1)",10,"tp(t-1)",13,"rh(t-0)"
"254",4,"ir, t2m, rh, svpd",0.589254039609245,0.432803200445075,0.820843611682065,"Venezuela",2,"ir(t-1)",6,"t2m(t-1)",15,"rh(t-2)",17,"svpd(t-0)"
"255",4,"ir, tp, rh, svpd",0.604164160922644,0.472007721793477,0.79713190907777,"Venezuela",2,"ir(t-1)",10,"tp(t-1)",13,"rh(t-0)",18,"svpd(t-1)"
"256",1,"ir",0.769068447206163,0.496259851773146,0.663019613549101,"Colombia",2,"ir(t-1)",NA,NA,NA,NA,NA,NA
"257",2,"ir, t2m",0.854328869707891,0.388283877223322,0.528475289556934,"Colombia",2,"ir(t-1)",7,"t2m(t-2)",NA,NA,NA,NA
"258",2,"ir, tp",0.867134968511057,0.392768169530972,0.504901982894807,"Colombia",2,"ir(t-1)",12,"tp(t-3)",NA,NA,NA,NA
"259",2,"ir, rh",0.856541699183923,0.427919298109479,0.527915541111668,"Colombia",2,"ir(t-1)",16,"rh(t-3)",NA,NA,NA,NA
"260",2,"ir, svpd",0.840283004473778,0.427868130715991,0.548299458618427,"Colombia",2,"ir(t-1)",20,"svpd(t-3)",NA,NA,NA,NA
"261",3,"ir, t2m, svpd",0.871025792166506,0.38583217654638,0.492592264540055,"Colombia",2,"ir(t-1)",7,"t2m(t-2)",20,"svpd(t-3)",NA,NA
"262",3,"ir, t2m, tp",0.885766168010932,0.363862879129044,0.4656537766494,"Colombia",2,"ir(t-1)",8,"t2m(t-3)",12,"tp(t-3)",NA,NA
"263",3,"ir, t2m, rh",0.87223904612109,0.382506691010295,0.491026714373737,"Colombia",2,"ir(t-1)",8,"t2m(t-3)",16,"rh(t-3)",NA,NA
"264",3,"ir, tp, rh",0.876316964724401,0.392883922055716,0.487096163490527,"Colombia",2,"ir(t-1)",12,"tp(t-3)",16,"rh(t-3)",NA,NA
"265",3,"ir, tp, svpd",0.887076871977562,0.378649659424001,0.463746399561624,"Colombia",2,"ir(t-1)",12,"tp(t-3)",20,"svpd(t-3)",NA,NA
"266",3,"ir, rh, svpd",0.866411888889005,0.378081250410017,0.500941464453792,"Colombia",2,"ir(t-1)",16,"rh(t-3)",19,"svpd(t-2)",NA,NA
"267",4,"ir, t2m, tp, svpd",0.885464760895421,0.379033453285717,0.469457483194252,"Colombia",2,"ir(t-1)",7,"t2m(t-2)",12,"tp(t-3)",20,"svpd(t-3)"
"268",4,"ir, t2m, tp, rh",0.880472980409578,0.374093027536685,0.480460125930231,"Colombia",2,"ir(t-1)",8,"t2m(t-3)",12,"tp(t-3)",16,"rh(t-3)"
"269",4,"ir, t2m, rh, svpd",0.863848159713811,0.397712163057036,0.508077110388914,"Colombia",2,"ir(t-1)",8,"t2m(t-3)",16,"rh(t-3)",19,"svpd(t-2)"
"270",4,"ir, tp, rh, svpd",0.883916680465988,0.385195060666041,0.469935653037222,"Colombia",2,"ir(t-1)",12,"tp(t-3)",16,"rh(t-3)",20,"svpd(t-3)"
"271",1,"ir",0.374536601109161,0.854510127024089,1.05829461296644,"Malaysia",2,"ir(t-1)",NA,NA,NA,NA,NA,NA
"272",2,"ir, t2m",0.555641893055698,0.694230300446435,0.869836671506826,"Malaysia",2,"ir(t-1)",7,"t2m(t-2)",NA,NA,NA,NA
"273",2,"ir, tp",0.35312982792501,0.782681513548848,0.99311332675503,"Malaysia",2,"ir(t-1)",11,"tp(t-2)",NA,NA,NA,NA
"274",2,"ir, rh",0.528577039781493,0.690818290804153,0.876481625755107,"Malaysia",2,"ir(t-1)",16,"rh(t-3)",NA,NA,NA,NA
"275",2,"ir, svpd",0.420204010904917,0.749776056106458,0.967395415764607,"Malaysia",2,"ir(t-1)",20,"svpd(t-3)",NA,NA,NA,NA
"276",3,"ir, t2m, tp",0.467692022302282,0.722741283370616,0.911341255531771,"Malaysia",2,"ir(t-1)",6,"t2m(t-1)",12,"tp(t-3)",NA,NA
"277",3,"ir, t2m, rh",0.553057342260542,0.647736390302436,0.857593757510012,"Malaysia",2,"ir(t-1)",6,"t2m(t-1)",16,"rh(t-3)",NA,NA
"278",3,"ir, t2m, svpd",0.540604979062559,0.653722598206786,0.872671218285757,"Malaysia",2,"ir(t-1)",6,"t2m(t-1)",20,"svpd(t-3)",NA,NA
"279",3,"ir, tp, rh",0.50154555719151,0.68870234775228,0.89123198405597,"Malaysia",2,"ir(t-1)",10,"tp(t-1)",15,"rh(t-2)",NA,NA
"280",3,"ir, tp, svpd",0.480860937225546,0.713238842387069,0.908602454530628,"Malaysia",2,"ir(t-1)",10,"tp(t-1)",20,"svpd(t-3)",NA,NA
"281",3,"ir, rh, svpd",0.530027811604428,0.689417248984033,0.885347644219698,"Malaysia",2,"ir(t-1)",16,"rh(t-3)",19,"svpd(t-2)",NA,NA
"282",4,"ir, t2m, rh, svpd",0.551930166200759,0.654769816329919,0.848309542891001,"Malaysia",2,"ir(t-1)",5,"t2m(t-0)",13,"rh(t-0)",20,"svpd(t-3)"
"283",4,"ir, t2m, tp, rh",0.539432773659705,0.670700396012343,0.857801873883693,"Malaysia",2,"ir(t-1)",6,"t2m(t-1)",12,"tp(t-3)",16,"rh(t-3)"
"284",4,"ir, t2m, tp, svpd",0.506026448024441,0.696039638962576,0.880559044464702,"Malaysia",2,"ir(t-1)",8,"t2m(t-3)",11,"tp(t-2)",17,"svpd(t-0)"
"285",4,"ir, tp, rh, svpd",0.547403075775897,0.670727006282395,0.854731286127468,"Malaysia",2,"ir(t-1)",11,"tp(t-2)",16,"rh(t-3)",18,"svpd(t-1)"
"286",1,"ir",0.544483588074077,0.60852259033786,0.922642740054369,"Singapore",2,"ir(t-1)",NA,NA,NA,NA,NA,NA
"287",2,"ir, t2m",0.687327416155778,0.476522240723464,0.740574497247852,"Singapore",2,"ir(t-1)",7,"t2m(t-2)",NA,NA,NA,NA
"288",2,"ir, tp",0.795597613218349,0.410593225440297,0.620709890428747,"Singapore",2,"ir(t-1)",12,"tp(t-3)",NA,NA,NA,NA
"289",2,"ir, rh",0.847280874987875,0.38509108485825,0.537889299202418,"Singapore",2,"ir(t-1)",15,"rh(t-2)",NA,NA,NA,NA
"290",2,"ir, svpd",0.83538421558495,0.400310501953309,0.55626391580267,"Singapore",2,"ir(t-1)",19,"svpd(t-2)",NA,NA,NA,NA
"291",3,"ir, t2m, rh",0.76797592740988,0.465046105544687,0.653855214973873,"Singapore",2,"ir(t-1)",7,"t2m(t-2)",15,"rh(t-2)",NA,NA
"292",3,"ir, t2m, svpd",0.753964974885063,0.470247389325099,0.672809491805118,"Singapore",2,"ir(t-1)",7,"t2m(t-2)",19,"svpd(t-2)",NA,NA
"293",3,"ir, t2m, tp",0.756845614602084,0.436567988294998,0.66706374913633,"Singapore",2,"ir(t-1)",8,"t2m(t-3)",12,"tp(t-3)",NA,NA
"294",3,"ir, tp, rh",0.870143054840158,0.38006961068847,0.508103132567101,"Singapore",2,"ir(t-1)",12,"tp(t-3)",15,"rh(t-2)",NA,NA
"295",3,"ir, tp, svpd",0.84790174225458,0.394473080663623,0.543346105451256,"Singapore",2,"ir(t-1)",12,"tp(t-3)",19,"svpd(t-2)",NA,NA
"296",3,"ir, rh, svpd",0.838011345772148,0.422267120375577,0.5563898296063,"Singapore",2,"ir(t-1)",16,"rh(t-3)",19,"svpd(t-2)",NA,NA
"297",4,"ir, t2m, tp, rh",0.849093280479881,0.396489984952023,0.54607818942399,"Singapore",2,"ir(t-1)",6,"t2m(t-1)",12,"tp(t-3)",16,"rh(t-3)"
"298",4,"ir, t2m, tp, svpd",0.86655629644435,0.396437904538869,0.526173379931546,"Singapore",2,"ir(t-1)",7,"t2m(t-2)",12,"tp(t-3)",20,"svpd(t-3)"
"299",4,"ir, t2m, rh, svpd",0.801975133996739,0.451217901397997,0.63131184710915,"Singapore",2,"ir(t-1)",7,"t2m(t-2)",16,"rh(t-3)",18,"svpd(t-1)"
"300",4,"ir, tp, rh, svpd",0.875468012029518,0.378748267909853,0.493785243499383,"Singapore",2,"ir(t-1)",12,"tp(t-3)",16,"rh(t-3)",19,"svpd(t-2)"
"301",1,"ir",0.167670196875072,0.600509987370975,1.19303643833822,"Ecuador",2,"ir(t-1)",NA,NA,NA,NA,NA,NA
"302",2,"ir, t2m",0.523415633313327,0.388146914307579,0.873794675319,"Ecuador",2,"ir(t-1)",5,"t2m(t-0)",NA,NA,NA,NA
"303",2,"ir, tp",0.411934143577457,0.426765012075417,0.943220893593611,"Ecuador",2,"ir(t-1)",9,"tp(t-0)",NA,NA,NA,NA
"304",2,"ir, rh",0.364130851939647,0.454419132585992,0.988769785379162,"Ecuador",2,"ir(t-1)",13,"rh(t-0)",NA,NA,NA,NA
"305",2,"ir, svpd",0.389456662388789,0.453444429231685,0.966113813700412,"Ecuador",2,"ir(t-1)",17,"svpd(t-0)",NA,NA,NA,NA
"306",3,"ir, t2m, tp",0.48104003603088,0.410767036095858,0.901528696356599,"Ecuador",2,"ir(t-1)",5,"t2m(t-0)",9,"tp(t-0)",NA,NA
"307",3,"ir, t2m, rh",0.537422735619706,0.40461435760028,0.862732409106549,"Ecuador",2,"ir(t-1)",5,"t2m(t-0)",13,"rh(t-0)",NA,NA
"308",3,"ir, t2m, svpd",0.507486054345827,0.422382934101155,0.882449822423501,"Ecuador",2,"ir(t-1)",5,"t2m(t-0)",17,"svpd(t-0)",NA,NA
"309",3,"ir, tp, rh",0.461908690833703,0.41401772124657,0.908689029003034,"Ecuador",2,"ir(t-1)",12,"tp(t-3)",13,"rh(t-0)",NA,NA
"310",3,"ir, tp, svpd",0.46364000610212,0.422576304785022,0.906461486339545,"Ecuador",2,"ir(t-1)",12,"tp(t-3)",17,"svpd(t-0)",NA,NA
"311",3,"ir, rh, svpd",0.42304952418107,0.422609320610193,0.94045178934517,"Ecuador",2,"ir(t-1)",14,"rh(t-1)",17,"svpd(t-0)",NA,NA
"312",4,"ir, t2m, tp, rh",0.52257850613257,0.402547159993571,0.875588406213791,"Ecuador",2,"ir(t-1)",5,"t2m(t-0)",9,"tp(t-0)",14,"rh(t-1)"
"313",4,"ir, t2m, tp, svpd",0.526996416675438,0.393243928645421,0.869538038941236,"Ecuador",2,"ir(t-1)",5,"t2m(t-0)",11,"tp(t-2)",17,"svpd(t-0)"
"314",4,"ir, t2m, rh, svpd",0.532093487291993,0.410681562423098,0.864113529041173,"Ecuador",2,"ir(t-1)",5,"t2m(t-0)",16,"rh(t-3)",17,"svpd(t-0)"
"315",4,"ir, tp, rh, svpd",0.502662713347368,0.43803165121626,0.884442705896466,"Ecuador",2,"ir(t-1)",11,"tp(t-2)",14,"rh(t-1)",18,"svpd(t-1)"
"316",1,"ir",0.274602552676376,0.698150007724393,1.15444496778093,"Brazil",2,"ir(t-1)",NA,NA,NA,NA,NA,NA
"317",2,"ir, t2m",0.820360705062723,0.30474991474105,0.585398465307033,"Brazil",2,"ir(t-1)",5,"t2m(t-0)",NA,NA,NA,NA
"318",2,"ir, tp",0.826580950203087,0.348782893623923,0.58188981373468,"Brazil",2,"ir(t-1)",9,"tp(t-0)",NA,NA,NA,NA
"319",2,"ir, rh",0.733715758329599,0.374732733529033,0.697524699269092,"Brazil",2,"ir(t-1)",16,"rh(t-3)",NA,NA,NA,NA
"320",2,"ir, svpd",0.705921243555226,0.395429724123762,0.731021498827581,"Brazil",2,"ir(t-1)",20,"svpd(t-3)",NA,NA,NA,NA
"321",3,"ir, t2m, tp",0.862989880452364,0.29650157652067,0.517876708793857,"Brazil",2,"ir(t-1)",5,"t2m(t-0)",9,"tp(t-0)",NA,NA
"322",3,"ir, t2m, rh",0.816489725250257,0.316280253847585,0.593348423465481,"Brazil",2,"ir(t-1)",5,"t2m(t-0)",16,"rh(t-3)",NA,NA
"323",3,"ir, t2m, svpd",0.8157501425261,0.336333608970234,0.591887220520175,"Brazil",2,"ir(t-1)",5,"t2m(t-0)",17,"svpd(t-0)",NA,NA
"324",3,"ir, tp, rh",0.850991372618723,0.307991090924658,0.557674316523058,"Brazil",2,"ir(t-1)",9,"tp(t-0)",14,"rh(t-1)",NA,NA
"325",3,"ir, tp, svpd",0.847116209628464,0.317969245941639,0.565859237053777,"Brazil",2,"ir(t-1)",9,"tp(t-0)",18,"svpd(t-1)",NA,NA
"326",3,"ir, rh, svpd",0.764456871591537,0.379543057646633,0.658943564297503,"Brazil",2,"ir(t-1)",13,"rh(t-0)",18,"svpd(t-1)",NA,NA
"327",4,"ir, t2m, tp, rh",0.860627923177366,0.312254888450658,0.521773298302491,"Brazil",2,"ir(t-1)",5,"t2m(t-0)",9,"tp(t-0)",13,"rh(t-0)"
"328",4,"ir, t2m, rh, svpd",0.84368349228771,0.314777107104951,0.548772143735428,"Brazil",2,"ir(t-1)",5,"t2m(t-0)",13,"rh(t-0)",18,"svpd(t-1)"
"329",4,"ir, t2m, tp, svpd",0.862813033028078,0.290441998582572,0.532271171055639,"Brazil",2,"ir(t-1)",8,"t2m(t-3)",9,"tp(t-0)",17,"svpd(t-0)"
"330",4,"ir, tp, rh, svpd",0.85314150140878,0.300925417143726,0.556702812882722,"Brazil",2,"ir(t-1)",9,"tp(t-0)",14,"rh(t-1)",17,"svpd(t-0)"
"331",1,"ir",0.0926097696051368,0.689370739399551,1.34480957742178,"Peru",2,"ir(t-1)",NA,NA,NA,NA,NA,NA
"332",2,"ir, t2m",0.373684272679421,0.490286881726785,0.980573718790042,"Peru",2,"ir(t-1)",6,"t2m(t-1)",NA,NA,NA,NA
"333",2,"ir, tp",0.534352037515056,0.393382082867916,0.881684718939364,"Peru",2,"ir(t-1)",10,"tp(t-1)",NA,NA,NA,NA
"334",2,"ir, rh",0.509897450926185,0.413512821481195,0.881685957831724,"Peru",2,"ir(t-1)",14,"rh(t-1)",NA,NA,NA,NA
"335",2,"ir, svpd",0.520495414986713,0.428444749926481,0.87769075662184,"Peru",2,"ir(t-1)",17,"svpd(t-0)",NA,NA,NA,NA
"336",3,"ir, t2m, svpd",0.553987456735155,0.396327874858816,0.855653055589847,"Peru",2,"ir(t-1)",6,"t2m(t-1)",20,"svpd(t-3)",NA,NA
"337",3,"ir, t2m, tp",0.568107554612367,0.387381359249128,0.859696771878353,"Peru",2,"ir(t-1)",8,"t2m(t-3)",10,"tp(t-1)",NA,NA
"338",3,"ir, t2m, rh",0.518547683594085,0.4068845530696,0.876790201998477,"Peru",2,"ir(t-1)",8,"t2m(t-3)",14,"rh(t-1)",NA,NA
"339",3,"ir, tp, rh",0.625910705327916,0.364790406678367,0.853984394757121,"Peru",2,"ir(t-1)",10,"tp(t-1)",13,"rh(t-0)",NA,NA
"340",3,"ir, tp, svpd",0.575108837470964,0.392879995053106,0.861576576829768,"Peru",2,"ir(t-1)",10,"tp(t-1)",18,"svpd(t-1)",NA,NA
"341",3,"ir, rh, svpd",0.608335114826773,0.344011750425863,0.829072631183602,"Peru",2,"ir(t-1)",13,"rh(t-0)",20,"svpd(t-3)",NA,NA
"342",4,"ir, t2m, tp, svpd",0.629554077580383,0.369736597494316,0.85698248625763,"Peru",2,"ir(t-1)",5,"t2m(t-0)",10,"tp(t-1)",17,"svpd(t-0)"
"343",4,"ir, t2m, rh, svpd",0.629644337645023,0.340039144655703,0.823430311038183,"Peru",2,"ir(t-1)",6,"t2m(t-1)",13,"rh(t-0)",20,"svpd(t-3)"
"344",4,"ir, t2m, tp, rh",0.606881057002029,0.369324289271722,0.846193069060064,"Peru",2,"ir(t-1)",8,"t2m(t-3)",10,"tp(t-1)",13,"rh(t-0)"
"345",4,"ir, tp, rh, svpd",0.642218457251559,0.369040643551477,0.842729595545522,"Peru",2,"ir(t-1)",10,"tp(t-1)",13,"rh(t-0)",17,"svpd(t-0)"
"346",1,"ir",0.0905129120701355,0.699182389107796,1.09906633380887,"Bolivia",2,"ir(t-1)",NA,NA,NA,NA,NA,NA
"347",2,"ir, t2m",0.540104976925596,0.445275538960253,0.804766811848259,"Bolivia",2,"ir(t-1)",5,"t2m(t-0)",NA,NA,NA,NA
"348",2,"ir, tp",0.502769778871294,0.499587681924517,0.834201708025535,"Bolivia",2,"ir(t-1)",9,"tp(t-0)",NA,NA,NA,NA
"349",2,"ir, rh",0.417906049970619,0.517212429664718,0.891435499066286,"Bolivia",2,"ir(t-1)",13,"rh(t-0)",NA,NA,NA,NA
"350",2,"ir, svpd",0.357644600042452,0.593068073522411,0.924660193947475,"Bolivia",2,"ir(t-1)",17,"svpd(t-0)",NA,NA,NA,NA
"351",3,"ir, t2m, tp",0.55349450808337,0.472916874460716,0.798261529346565,"Bolivia",2,"ir(t-1)",5,"t2m(t-0)",12,"tp(t-3)",NA,NA
"352",3,"ir, t2m, rh",0.564679102150414,0.460062579247219,0.780140956288788,"Bolivia",2,"ir(t-1)",5,"t2m(t-0)",13,"rh(t-0)",NA,NA
"353",3,"ir, t2m, svpd",0.556631495066721,0.427325774501556,0.786787690202575,"Bolivia",2,"ir(t-1)",5,"t2m(t-0)",18,"svpd(t-1)",NA,NA
"354",3,"ir, tp, rh",0.562294754899219,0.514778666496413,0.788958769623632,"Bolivia",2,"ir(t-1)",10,"tp(t-1)",13,"rh(t-0)",NA,NA
"355",3,"ir, tp, svpd",0.473232314656204,0.521930286864991,0.847174510173204,"Bolivia",2,"ir(t-1)",12,"tp(t-3)",17,"svpd(t-0)",NA,NA
"356",3,"ir, rh, svpd",0.484393203525236,0.506512006782816,0.831787748867077,"Bolivia",2,"ir(t-1)",13,"rh(t-0)",17,"svpd(t-0)",NA,NA
"357",4,"ir, t2m, tp, svpd",0.567920493626823,0.483880776010124,0.779736368452536,"Bolivia",2,"ir(t-1)",5,"t2m(t-0)",12,"tp(t-3)",17,"svpd(t-0)"
"358",4,"ir, t2m, rh, svpd",0.591317779479991,0.456892212609434,0.760209749441301,"Bolivia",2,"ir(t-1)",6,"t2m(t-1)",13,"rh(t-0)",17,"svpd(t-0)"
"359",4,"ir, t2m, tp, rh",0.562757561416712,0.474296335564106,0.789229820189036,"Bolivia",2,"ir(t-1)",7,"t2m(t-2)",12,"tp(t-3)",13,"rh(t-0)"
"360",4,"ir, tp, rh, svpd",0.495978434004019,0.470939356902626,0.821378489025928,"Bolivia",2,"ir(t-1)",9,"tp(t-0)",13,"rh(t-0)",17,"svpd(t-0)"
