country,date,obs_cases_std,pre_cases_std_without,pre_cases_std_with
Belize,2014/2/28,0.508851498,0.61718,0.437355037
Belize,2014/3/31,0.518580186,0.527,0.237936488
Belize,2014/4/30,0.477719696,-0.16969,0.335582812
Belize,2014/5/31,0.555549201,-2.77513,0.272784824
Belize,2014/6/30,0.353192488,-0.28071,0.360138578
Belize,2014/7/31,0.158618724,-0.05654,0.337701218
Belize,2014/8/31,-0.312249783,-0.06208,0.106517667
Belize,2014/9/30,-0.27333503,0.0391,0.292271942
Belize,2014/10/31,-0.919319925,0.06253,0.273993757
Belize,2014/11/30,-0.168265198,0.18247,0.307821709
Belize,2014/12/31,0.199479215,0.27451,0.307433519
Belize,2015/1/31,0.108029546,0.36894,0.257933798
Belize,2015/2/28,0.471882483,0.3955,0.398635896
Belize,2015/3/31,0.432967731,0.20061,0.283277034
Belize,2015/4/30,0.341518062,0.17703,0.276877451
Belize,2015/5/31,0.399890191,0.21008,0.30126685
Belize,2015/6/30,0.123595447,-0.14463,0.350899665
Belize,2015/7/31,-0.283063719,-0.48842,0.29450126
Belize,2015/8/31,-0.430939779,-0.40052,0.315164038
Belize,2015/9/30,-0.491257645,-0.08809,0.361014777
Belize,2015/10/31,-0.370621912,0.19268,0.084157946
Belize,2015/11/30,-0.283063719,0.4705,0.307965894
Belize,2015/12/31,0.152781511,0.59191,0.275557607
Belize,2016/1/31,-0.193559787,0.70239,0.297096585
Belize,2016/2/29,0.141107086,0.74798,0.351809138
Belize,2016/3/31,-0.030117826,0.6335,0.263823189
Belize,2016/4/30,0.273417245,0.50237,0.302531239
Belize,2016/5/31,0.442696419,0.08812,0.279450594
Belize,2016/6/30,0.306494784,-0.1104,0.337701218
Belize,2016/7/31,0.183913313,-0.15862,0.300124464
Belize,2016/8/31,-0.22469159,-0.08039,0.301255759
Belize,2016/9/30,-0.29862962,-1.85609,0.339375979
Belize,2016/10/31,0.092463645,-2.13193,0.351742591
Belize,2016/11/30,0.520525924,-0.05478,0.387855316
Belize,2016/12/31,0.495231335,0.08688,0.408928466
Belize,2017/1/31,0.209207903,0.17375,0.353406261
Belize,2017/2/28,-0.037900777,0.16615,0.489494447
Belize,2017/3/31,0.049657417,0.03163,0.300767749
Belize,2017/4/30,0.495231335,-0.05723,-0.006767153
Belize,2017/5/31,0.567223627,0.04912,0.221244334
Belize,2017/6/30,0.514688711,0.20911,0.302719788
Belize,2017/7/31,0.306494784,0.22907,0.280626254
Belize,2017/8/31,0.41740183,0.27323,0.275180508
Belize,2017/9/30,0.536091825,0.31327,0.330436527
Belize,2017/10/31,0.689805098,0.42455,0.329050135
Belize,2017/11/30,0.717045425,0.63079,0.342636772
Belize,2017/12/31,0.802657881,0.75268,0.350278561
Belize,2018/1/31,0.792929193,0.81972,0.500164116
Belize,2018/2/28,0.656727558,0.85925,0.305448207
Belize,2018/3/31,0.697588049,0.82712,0.302287234
Belize,2018/4/30,0.709262475,0.49341,0.378893681
Belize,2018/5/31,0.752068702,-0.26119,0.08939296
Belize,2018/6/30,0.652836083,-0.83359,0.299026441
Belize,2018/7/31,0.504960023,-1.01759,0.272285723
Belize,2018/8/31,0.63921592,-0.78315,0.291939208
Belize,2018/9/30,0.335680849,-0.23593,0.326421537
Belize,2018/10/31,0.201424952,0.17138,0.308886458
Belize,2018/11/30,0.257851344,0.53092,0.375777073
Belize,2018/12/31,0.487448384,0.70172,0.347084315
Belize,2019/1/31,0.489394122,0.78866,0.385004895
Belize,2019/2/28,0.421293305,0.83491,0.442013312
Belize,2019/3/31,0.41740183,0.79466,0.340729097
Belize,2019/4/30,0.63921592,0.64991,0.202223043
Belize,2019/5/31,0.394052978,0.50836,-0.260277151
Belize,2019/6/30,-0.253877654,0.48087,-2.073344462
Belize,2019/7/31,-1.468017937,0.2306,-3.437010204
Belize,2019/8/31,-4.155081609,-6.28386,-4.384902689
Belize,2019/9/30,-3.47991065,-0.83656,-3.992764634
Belize,2019/10/31,-3.970236534,-0.03214,-3.080275041
Belize,2019/11/30,-2.849491657,0.08324,-1.483007882
Belize,2019/12/31,-1.119730901,0.09991,-0.723553725
Bolivia,2014/2/28,-1.214994783,0.255,-0.628507126
Bolivia,2014/3/31,-2.228765876,0.33774,-1.341282804
Bolivia,2014/4/30,-1.763751342,0.34389,-0.880036452
Bolivia,2014/5/31,-0.695301632,0.33705,-0.248018638
Bolivia,2014/6/30,0.311573059,0.33295,0.601851522
Bolivia,2014/7/31,0.558858331,0.25979,1.062242631
Bolivia,2014/8/31,0.628314951,0.16544,1.041270546
Bolivia,2014/9/30,0.669693363,0.09775,0.878292784
Bolivia,2014/10/31,0.620433349,-0.06909,0.420405768
Bolivia,2014/11/30,0.685949168,-0.00276,-0.197771445
Bolivia,2014/12/31,0.649004157,-0.06567,-0.890618052
Bolivia,2015/1/31,0.438171296,0.16817,-1.651951938
Bolivia,2015/2/28,0.113547802,0.33158,-1.888015701
Bolivia,2015/3/31,-1.399719836,0.34252,-1.680710556
Bolivia,2015/4/30,-3.212980961,0.35346,-0.834529885
Bolivia,2015/5/31,-1.875078974,0.34663,0.08935892
Bolivia,2015/6/30,-0.107629662,0.33363,0.825023096
Bolivia,2015/7/31,0.583488338,0.33363,1.056473325
Bolivia,2015/8/31,0.637181753,0.2468,1.148517528
Bolivia,2015/9/30,0.551469329,0.17296,1.055619993
Bolivia,2015/10/31,0.355414472,0.14014,0.836054773
Bolivia,2015/11/30,0.094828996,0.09022,0.547020896
Bolivia,2015/12/31,-0.018961636,0.12988,0.038178127
Bolivia,2016/1/31,-2.091823037,0.17843,-1.329088665
Bolivia,2016/2/29,-3.743511315,0.32748,-2.031728998
Bolivia,2016/3/31,-2.892298268,0.35278,-1.55822735
Bolivia,2016/4/30,-1.602178495,0.35004,-0.783401171
Bolivia,2016/5/31,0.190886024,0.35415,0.281162668
Bolivia,2016/6/30,0.622403749,0.34526,0.916404605
Bolivia,2016/7/31,0.687426968,0.2427,1.110905952
Bolivia,2016/8/31,0.703682773,0.24817,1.154184588
Bolivia,2016/9/30,0.707130974,0.15586,1.049445044
Bolivia,2016/10/31,0.616492548,0.02937,0.844736206
Bolivia,2016/11/30,0.260342644,0.03006,0.581450395
Bolivia,2016/12/31,0.095814197,0.10663,0.20564902
Bolivia,2017/1/31,0.200245427,0.23928,-0.438777461
Bolivia,2017/2/28,0.024879776,0.32406,-0.719278976
Bolivia,2017/3/31,-0.416982552,0.35073,-2.087035024
Bolivia,2017/4/30,-0.241616901,0.35141,-1.311796514
Bolivia,2017/5/31,0.301721056,0.3521,-0.646432348
Bolivia,2017/6/30,0.662304361,0.33774,0.36449295
Bolivia,2017/7/31,0.688412168,0.32133,0.878270805
Bolivia,2017/8/31,0.685456567,0.29056,1.021824521
Bolivia,2017/9/30,0.703190173,0.24407,1.002594456
Bolivia,2017/10/31,0.712056975,0.16749,0.635450145
Bolivia,2017/11/30,0.654422758,0.18868,0.252087276
Bolivia,2017/12/31,0.636689153,0.18663,-0.220529984
Bolivia,2018/1/31,0.570680734,0.22492,-0.585287259
Bolivia,2018/2/28,0.373148077,0.34936,-0.320436689
Bolivia,2018/3/31,0.200245427,0.3521,-0.900826499
Bolivia,2018/4/30,0.225860634,0.35415,-0.424180519
Bolivia,2018/5/31,0.327828864,0.34663,0.238846778
Bolivia,2018/6/30,0.713534776,0.33227,0.761009837
Bolivia,2018/7/31,0.725849779,0.31107,0.981627627
Bolivia,2018/8/31,0.736194382,0.22082,1.180889189
Bolivia,2018/9/30,0.726342379,-0.0096,1.152304487
Bolivia,2018/10/31,0.656393159,-0.42258,0.946652492
Bolivia,2018/11/30,0.454427101,-0.75146,0.501298368
Bolivia,2018/12/31,-0.008617033,-0.72616,-0.581941778
Bolivia,2019/1/31,0.051972784,-0.14566,-1.902940884
Bolivia,2019/2/28,0.398270684,0.23381,-1.923116494
Bolivia,2019/3/31,-0.13324487,0.34526,-1.474248708
Bolivia,2019/4/30,0.078573192,0.34116,-0.505662712
Bolivia,2019/5/31,0.026357577,0.33842,0.146242606
Bolivia,2019/6/30,0.320439862,0.3268,0.769201057
Bolivia,2019/7/31,0.471175505,0.17638,1.034501705
Bolivia,2019/8/31,0.498268513,-0.16276,1.132006085
Bolivia,2019/9/30,0.495312912,0,1.112884
Bolivia,2019/10/31,0.208619629,0,0.701751537
Bolivia,2019/11/30,0.058869186,0,0.171800991
Bolivia,2019/12/31,-0.72239464,0,-0.743604665
Brazil,2014/2/28,0.329019794,0.07864,-0.579971551
Brazil,2014/3/31,0.044431104,0.1397,-0.616235768
Brazil,2014/4/30,-0.459378074,0.48615,-0.218565893
Brazil,2014/5/31,-0.182435958,0.73028,0.116489777
Brazil,2014/6/30,0.363177163,1.01781,0.335913471
Brazil,2014/7/31,0.53631803,1.14942,0.460734526
Brazil,2014/8/31,0.601550117,1.17965,0.477154877
Brazil,2014/9/30,0.566031578,1.04537,0.489044248
Brazil,2014/10/31,0.546414712,0.43371,0.485994382
Brazil,2014/11/30,0.542395256,-0.1799,0.458729531
Brazil,2014/12/31,0.63695656,-0.63698,0.437004899
Brazil,2015/1/31,-0.207705685,-0.81796,0.431039991
Brazil,2015/2/28,-1.047171462,-0.67544,0.435819429
Brazil,2015/3/31,-2.570369115,-1.98666,0.378045332
Brazil,2015/4/30,-2.417317521,-0.98375,0.360752491
Brazil,2015/5/31,-0.987856463,0.06286,0.422566431
Brazil,2015/6/30,0.087788382,0.61114,0.487075847
Brazil,2015/7/31,0.426663749,0.77999,0.498907437
Brazil,2015/8/31,0.524852172,0.82755,0.50385155
Brazil,2015/9/30,0.537855352,0.50141,0.503899701
Brazil,2015/10/31,0.479076814,0.23937,0.499965789
Brazil,2015/11/30,0.250784527,-1.1755,0.486450851
Brazil,2015/12/31,0.416390916,-2.45645,0.37933866
Brazil,2016/1/31,-1.062856949,-0.94997,0.095086792
Brazil,2016/2/29,-2.395851064,-0.01611,-0.070919481
Brazil,2016/3/31,-2.428230904,0.0102,-0.728976776
Brazil,2016/4/30,-1.478158027,0.26058,-1.358298697
Brazil,2016/5/31,-0.096193807,0.51265,-0.712096104
Brazil,2016/6/30,0.460949228,0.76635,0.139825531
Brazil,2016/7/31,0.593583267,0.9511,0.359417753
Brazil,2016/8/31,0.637132711,0.91908,0.445431271
Brazil,2016/9/30,0.653939162,0.64681,0.461812139
Brazil,2016/10/31,0.633041194,-1.37288,0.470524526
Brazil,2016/11/30,0.704782877,-2.90913,0.474642374
Brazil,2016/12/31,0.459748195,-0.63121,0.45494296
Brazil,2017/1/31,0.525244509,-0.12812,0.354525642
Brazil,2017/2/28,0.482631871,0.09857,0.032749935
Brazil,2017/3/31,0.419978001,-0.00822,-0.395362738
Brazil,2017/4/30,0.39654185,0.22757,-0.579537232
Brazil,2017/5/31,0.439803046,0.38405,-0.134954132
Brazil,2017/6/30,0.542363228,0.68085,0.2562414
Brazil,2017/7/31,0.623080629,0.78355,0.400921729
Brazil,2017/8/31,0.65425143,0.76489,0.464888005
Brazil,2017/9/30,0.666245743,0.52155,0.47023177
Brazil,2017/10/31,0.657390129,0.19959,0.451960506
Brazil,2017/11/30,0.645275713,-0.59605,0.41047868
Brazil,2017/12/31,0.618076327,-1.15744,0.361791583
Brazil,2018/1/31,0.538039511,-0.80837,0.193770684
Brazil,2018/2/28,0.566159688,-0.12799,-0.112971412
Brazil,2018/3/31,0.477235231,0.08289,-0.216019684
Brazil,2018/4/30,0.425182476,0.432,0.034310017
Brazil,2018/5/31,0.40964912,0.75416,0.23229028
Brazil,2018/6/30,0.548944887,1.04009,0.425777119
Brazil,2018/7/31,0.580924383,1.20657,0.472953247
Brazil,2018/8/31,0.65068036,1.21746,0.496385303
Brazil,2018/9/30,0.655140194,1.07953,0.498252587
Brazil,2018/10/31,0.603287611,0.72412,0.480878852
Brazil,2018/11/30,0.578658435,0.49434,0.398603754
Brazil,2018/12/31,0.488212669,0.16628,0.282803251
Brazil,2019/1/31,-0.174933507,0.01465,-0.083984692
Brazil,2019/2/28,-0.920078187,-0.73891,-0.993159433
Brazil,2019/3/31,-1.963407246,-2.26886,-4.306549573
Brazil,2019/4/30,-2.662344196,-1.28569,-5.611307339
Brazil,2019/5/31,-3.637854945,-0.13389,-2.511271979
Brazil,2019/6/30,-1.119401566,0.57354,-0.288297734
Brazil,2019/7/31,-0.021537617,0.87941,0.158551338
Brazil,2019/8/31,0.29698425,0.92133,0.359475534
Brazil,2019/9/30,0.387942456,0.73155,0.404846011
Brazil,2019/10/31,0.391561568,-0.49977,0.35246094
Brazil,2019/11/30,0.353072475,-2.99095,0.13527529
Brazil,2019/12/31,0.177641639,-1.79216,-0.162405808
Cambodia,2014/2/28,0.861244375,0.83497,1.0157561
Cambodia,2014/3/31,0.830243019,0.83388,0.993755831
Cambodia,2014/4/30,0.78465279,0.83071,0.873997964
Cambodia,2014/5/31,0.615057138,0.82251,0.758972856
Cambodia,2014/6/30,0.491051715,0.80876,0.583919998
Cambodia,2014/7/31,0.398959452,0.78833,0.218312196
Cambodia,2014/8/31,0.305955385,0.75225,-0.211970806
Cambodia,2014/9/30,0.522053071,0.69556,-0.250003974
Cambodia,2014/10/31,0.568555104,0.66823,-0.474147956
Cambodia,2014/11/30,0.615057138,0.70948,-0.195066334
Cambodia,2014/12/31,0.676148045,0.74789,0.881248764
Cambodia,2015/1/31,0.753651434,0.80209,1.013530955
Cambodia,2015/2/28,0.814742341,0.8236,0.985815923
Cambodia,2015/3/31,0.78465279,0.8164,0.903255195
Cambodia,2015/4/30,0.722650078,0.79492,0.619045548
Cambodia,2015/5/31,0.383458774,0.75269,-0.025105955
Cambodia,2015/6/30,-0.202831571,0.6517,-1.193552514
Cambodia,2015/7/31,-1.545007914,0.41593,-2.577314984
Cambodia,2015/8/31,-2.424899335,0.029,-3.168049718
Cambodia,2015/9/30,-1.684514015,-0.73101,-1.822186291
Cambodia,2015/10/31,-0.773621239,-1.05194,-1.002695197
Cambodia,2015/11/30,-0.249333605,-0.88908,-0.301948687
Cambodia,2015/12/31,0.182861767,-0.14875,0.371845359
Cambodia,2016/1/31,0.429049003,0.49927,0.806292394
Cambodia,2016/2/29,0.615057138,0.67447,0.892282074
Cambodia,2016/3/31,0.553054426,0.656,0.838301317
Cambodia,2016/4/30,0.59955646,0.49619,0.691010411
Cambodia,2016/5/31,0.491051715,0.05201,0.476211568
Cambodia,2016/6/30,-0.511933324,-0.80431,0.07533177
Cambodia,2016/7/31,-1.607010626,-1.94118,-1.083645479
Cambodia,2016/8/31,-1.684514015,-3.10729,-1.422764804
Cambodia,2016/9/30,-0.573024231,-3.43726,-1.127413788
Cambodia,2016/10/31,-0.171830215,-2.73069,-0.271423194
Cambodia,2016/11/30,0.321456063,-1.25434,0.304652118
Cambodia,2016/12/31,0.645146689,-0.12573,0.556311603
Cambodia,2017/1/31,0.863067984,0.54705,0.977401128
Cambodia,2017/2/28,0.865803398,0.68501,1.056511103
Cambodia,2017/3/31,0.86033257,0.65743,0.987242007
Cambodia,2017/4/30,0.822948582,0.57973,0.967522807
Cambodia,2017/5/31,0.758210457,0.45236,0.926490551
Cambodia,2017/6/30,0.465521187,0.27072,0.866234361
Cambodia,2017/7/31,0.365222683,-0.14691,0.784103022
Cambodia,2017/8/31,0.397135843,-0.38759,0.440988861
Cambodia,2017/9/30,0.491051715,-0.65384,-0.182223048
Cambodia,2017/10/31,0.576761345,-0.64024,-0.683648156
Cambodia,2017/11/30,0.746356998,-0.1798,-0.637994515
Cambodia,2017/12/31,0.788300008,0.29934,0.323018694
Cambodia,2018/1/31,0.842096479,0.65806,0.992709372
Cambodia,2018/2/28,0.834802042,0.76244,0.893132322
Cambodia,2018/3/31,0.778270158,0.74306,0.942525818
Cambodia,2018/4/30,0.710796619,0.68342,0.768507096
Cambodia,2018/5/31,0.359751855,0.59192,0.461261622
Cambodia,2018/6/30,-0.449018808,0.43472,0.204627194
Cambodia,2018/7/31,0.524788484,0.13251,-0.199914734
Cambodia,2018/8/31,0.52387668,-0.28074,-0.542114666
Cambodia,2018/9/30,-0.130799009,-0.9449,-1.250646579
Cambodia,2018/10/31,0.010530701,-0.81287,-1.887404152
Cambodia,2018/11/30,0.548495403,-0.30189,-0.914328236
Cambodia,2018/12/31,0.403518475,0.25836,0.278493029
Cambodia,2019/1/31,-0.864801697,0.64108,0.767687181
Cambodia,2019/2/28,-0.683352585,0.74044,0.770432712
Cambodia,2019/3/31,-1.068134118,0.74607,0.673136732
Cambodia,2019/4/30,-2.062912916,0.65458,0.132332943
Cambodia,2019/5/31,0.158243043,0.41457,-0.610794181
Cambodia,2019/6/30,-1.362646998,0.20724,-1.105114462
Cambodia,2019/7/31,-3.165284654,-0.25213,-2.089635069
Cambodia,2019/8/31,-1.923406815,-1.28041,-2.008961567
Cambodia,2019/9/30,-3.275613009,-2.23615,-1.404647994
Cambodia,2019/10/31,-0.734413642,-1.99573,-0.277383457
Cambodia,2019/11/30,-0.372427223,-0.82428,0.223461075
Cambodia,2019/12/31,-0.139917055,0.04208,0.624430922
Colombia,2014/2/28,-0.292690756,0.254295918,0.621375974
Colombia,2014/3/31,-0.355458262,-0.442349201,0.362358381
Colombia,2014/4/30,-0.3265741,-0.817884778,-0.718204699
Colombia,2014/5/31,-0.354625065,-0.959673569,-1.907789684
Colombia,2014/6/30,-0.402117293,-0.586066239,-1.925974549
Colombia,2014/7/31,-0.68929252,-0.378720166,-1.816331906
Colombia,2014/8/31,-0.238810685,-0.311434974,-1.683568155
Colombia,2014/9/30,-0.583754236,-0.457114693,-1.428340665
Colombia,2014/10/31,-0.872040392,-0.2614101,-0.975291013
Colombia,2014/11/30,-0.533206952,0.118291869,-0.154394228
Colombia,2014/12/31,-1.032569678,0.264265834,0.0547296
Colombia,2015/1/31,-0.971746298,0.39045335,0.282267521
Colombia,2015/2/28,-0.354347333,0.414697305,0.417754467
Colombia,2015/3/31,-0.411837925,0.241029826,0.128164371
Colombia,2015/4/30,-0.33490607,-0.215639266,-0.122631517
Colombia,2015/5/31,-0.251030907,-0.718032238,-0.134034451
Colombia,2015/6/30,0.08391428,-1.065382848,0.16159354
Colombia,2015/7/31,0.166400782,-1.189967665,0.266764752
Colombia,2015/8/31,0.187786171,-1.808838051,0.373647336
Colombia,2015/9/30,-0.115219799,-2.126757845,0.45623174
Colombia,2015/10/31,-0.465717997,-2.095129579,0.538733097
Colombia,2015/11/30,-0.795941734,-1.720470478,0.585651133
Colombia,2015/12/31,-0.652631853,-1.558920281,0.005822236
Colombia,2016/1/31,-1.538875711,-1.112768902,-0.821939951
Colombia,2016/2/29,-1.589145263,-1.207262417,-1.362882693
Colombia,2016/3/31,-1.237813868,-1.705579775,-2.734082015
Colombia,2016/4/30,-1.13421971,-1.433139699,-2.258773508
Colombia,2016/5/31,-1.378901891,-0.731639529,-1.240799023
Colombia,2016/6/30,-0.90397961,0.067227745,-0.404500313
Colombia,2016/7/31,-0.329073691,0.391048102,0.070505239
Colombia,2016/8/31,0.072804987,0.465946115,0.249190032
Colombia,2016/9/30,0.501901434,0.529005441,0.461402719
Colombia,2016/10/31,0.702146442,0.518412601,0.492606131
Colombia,2016/11/30,0.787687999,0.52301097,0.568321742
Colombia,2016/12/31,0.862675728,0.485065815,0.523036268
Colombia,2017/1/31,0.964325759,0.542021111,0.58798748
Colombia,2017/2/28,1.288717118,0.504251251,0.699075404
Colombia,2017/3/31,1.358427933,0.28230872,0.671852342
Colombia,2017/4/30,1.362593918,0.340381523,0.725970937
Colombia,2017/5/31,1.287050724,0.601427409,0.839411733
Colombia,2017/6/30,1.350373695,0.782419724,0.918585257
Colombia,2017/7/31,1.251223254,0.887343305,0.966573166
Colombia,2017/8/31,1.343708119,0.916868028,0.952649147
Colombia,2017/9/30,1.396477262,0.931364317,0.866251336
Colombia,2017/10/31,1.408697484,0.973300568,0.785824472
Colombia,2017/11/30,1.40703109,1.03966546,0.819615916
Colombia,2017/12/31,1.377035999,1.065718713,0.820231145
Colombia,2018/1/31,1.264276674,1.084750765,0.861241367
Colombia,2018/2/28,1.379813322,1.059048103,0.916496781
Colombia,2018/3/31,1.417307186,0.975598188,0.87100962
Colombia,2018/4/30,1.338153473,0.957455132,0.920318662
Colombia,2018/5/31,1.017372634,0.99128711,0.979284521
Colombia,2018/6/30,0.834069298,1.045519069,1.022047639
Colombia,2018/7/31,0.786854802,1.079679725,1.018426597
Colombia,2018/8/31,0.995709513,1.080443511,0.963408462
Colombia,2018/9/30,0.548560465,1.079297832,0.882568903
Colombia,2018/10/31,0.424691846,1.094949191,0.784742312
Colombia,2018/11/30,0.12807372,1.121700493,0.726938695
Colombia,2018/12/31,0.107521528,1.132468628,0.699913506
Colombia,2019/1/31,-0.334072873,1.143574833,0.723442649
Colombia,2019/2/28,0.995709513,1.143305629,0.762615232
Colombia,2019/3/31,-0.45655283,1.033533258,0.610428954
Colombia,2019/4/30,-0.179098234,0.72789665,-0.06012258
Colombia,2019/5/31,-1.576369576,0.288384578,-1.203722966
Colombia,2019/6/30,-1.928534167,-0.029281665,-1.773063723
Colombia,2019/7/31,-2.244315824,-0.309879228,-1.989516495
Colombia,2019/8/31,-0.942584403,-0.880521516,-1.745071624
Colombia,2019/9/30,-1.022293582,-1.569650853,-1.352289474
Colombia,2019/10/31,-0.936474292,-1.820022512,-0.801509837
Colombia,2019/11/30,-1.404453265,-1.386724029,-0.337639432
Colombia,2019/12/31,-1.227815504,-1.668451621,-0.064594011
Costa Rica,2014/2/28,0.463159041,0.40938,0.61007922
Costa Rica,2014/3/31,0.640976439,0.10159,0.608535901
Costa Rica,2014/4/30,0.662661488,0.12866,0.607568009
Costa Rica,2014/5/31,0.388345623,0.28965,0.600817882
Costa Rica,2014/6/30,-0.197150688,0.6052,0.592302195
Costa Rica,2014/7/31,-0.624346145,0.67843,0.591491609
Costa Rica,2014/8/31,-0.557122494,0.74334,0.594713196
Costa Rica,2014/9/30,-0.378220844,0.85448,0.594389674
Costa Rica,2014/10/31,-0.022586047,0.91674,0.587814046
Costa Rica,2014/11/30,0.018615545,1.00399,0.595483252
Costa Rica,2014/12/31,0.169326633,0.99347,0.592546083
Costa Rica,2015/1/31,0.459906284,1.00883,0.584565381
Costa Rica,2015/2/28,0.829636362,1.06291,0.584589877
Costa Rica,2015/3/31,0.85999543,0.94191,0.574409906
Costa Rica,2015/4/30,0.843731644,0.91482,0.519935282
Costa Rica,2015/5/31,0.656155973,0.54939,0.390350762
Costa Rica,2015/6/30,0.189927429,0.18382,0.150457348
Costa Rica,2015/7/31,-0.324008222,-0.2154,-0.408852791
Costa Rica,2015/8/31,-0.997328981,-0.59537,-0.612250628
Costa Rica,2015/9/30,-1.245622787,-0.54334,-2.374249956
Costa Rica,2015/10/31,-2.483839061,-0.41008,-4.505131483
Costa Rica,2015/11/30,-3.366420538,-0.12663,-3.275506546
Costa Rica,2015/12/31,-1.723778108,-0.04307,-2.907872203
Costa Rica,2016/1/31,-2.696352537,0.09921,-1.947948749
Costa Rica,2016/2/29,-1.127439272,0.30809,-0.836345112
Costa Rica,2016/3/31,0.077165176,0.12427,-0.959235268
Costa Rica,2016/4/30,0.382924361,0.08315,-0.850425512
Costa Rica,2016/5/31,-0.082219931,-1.37441,-0.563760261
Costa Rica,2016/6/30,-1.099248709,-2.47703,-0.865787439
Costa Rica,2016/7/31,-2.243135021,-2.99315,-0.612591074
Costa Rica,2016/8/31,-2.583590284,-2.38939,-0.213029382
Costa Rica,2016/9/30,-1.591499312,-1.07651,0.049438563
Costa Rica,2016/10/31,-0.956127388,-0.5205,0.210213513
Costa Rica,2016/11/30,-0.644946941,-0.04252,0.38057733
Costa Rica,2016/12/31,-0.159201853,-0.05464,0.450957864
Costa Rica,2017/1/31,0.354733798,0.10853,0.508936621
Costa Rica,2017/2/28,0.750485935,0.21976,0.555858193
Costa Rica,2017/3/31,0.758075702,0.00992,0.557011897
Costa Rica,2017/4/30,0.800361546,-0.00538,0.551966404
Costa Rica,2017/5/31,0.598690595,0.21463,0.552280395
Costa Rica,2017/6/30,0.254982575,0.4934,0.546848405
Costa Rica,2017/7/31,-0.034512824,0.58509,0.550542803
Costa Rica,2017/8/31,0.233297526,0.62696,0.526453635
Costa Rica,2017/9/30,0.482675585,0.75424,0.51340348
Costa Rica,2017/10/31,0.562910264,0.87244,0.486390059
Costa Rica,2017/11/30,0.733137896,1.00045,0.533703028
Costa Rica,2017/12/31,0.9358931,1.03377,0.555019015
Costa Rica,2018/1/31,0.857826925,1.03738,0.58210913
Costa Rica,2018/2/28,0.856742673,1.10594,0.598262045
Costa Rica,2018/3/31,0.906618284,0.98817,0.594142668
Costa Rica,2018/4/30,0.85565842,0.984,0.585122547
Costa Rica,2018/5/31,0.832889119,0.89438,0.569734076
Costa Rica,2018/6/30,0.73964341,0.65096,0.559451135
Costa Rica,2018/7/31,0.683262284,0.24735,0.559139905
Costa Rica,2018/8/31,0.766749721,-0.10036,0.553561832
Costa Rica,2018/9/30,0.778676498,-0.2545,0.550711601
Costa Rica,2018/10/31,0.74398042,-0.22598,0.47649789
Costa Rica,2018/11/30,0.716874109,0.00045,0.456281627
Costa Rica,2018/12/31,0.829636362,0.03882,0.445016185
Costa Rica,2019/1/31,0.878427721,0.12354,0.469715786
Costa Rica,2019/2/28,1.017212032,0.3283,0.497042307
Costa Rica,2019/3/31,0.820962343,0.171,0.422661847
Costa Rica,2019/4/30,0.835057624,0.16058,0.317507742
Costa Rica,2019/5/31,0.451232264,-0.6684,-0.069129837
Costa Rica,2019/6/30,0.047890361,-1.99048,-0.234299139
Costa Rica,2019/7/31,-0.310997193,-3.02047,-0.300282737
Costa Rica,2019/8/31,-0.595071329,-2.87096,-0.316381583
Costa Rica,2019/9/30,-0.473635057,-1.66132,-0.469068941
Costa Rica,2019/10/31,-0.425927951,-0.73627,-0.873078965
Costa Rica,2019/11/30,-0.150527834,-0.07768,-0.958683268
Costa Rica,2019/12/31,0.367744827,-0.17754,-0.992698275
Dominican Republic,2014/2/28,0.208056775,0.865558652,0.483126512
Dominican Republic,2014/3/31,0.231217029,0.855188562,0.494864029
Dominican Republic,2014/4/30,0.327016261,0.848106531,0.502846736
Dominican Republic,2014/5/31,0.108046588,0.729424029,0.502982447
Dominican Republic,2014/6/30,0.106993849,0.571850583,0.492810818
Dominican Republic,2014/7/31,0.279643014,0.429758443,0.472915025
Dominican Republic,2014/8/31,0.476505172,-0.218299869,0.387631546
Dominican Republic,2014/9/30,0.400707977,-1.153813422,0.210353572
Dominican Republic,2014/10/31,0.134365058,-1.103567759,-0.044992934
Dominican Republic,2014/11/30,0.307014223,-0.337851208,0.036190766
Dominican Republic,2014/12/31,0.332279955,0.232380143,0.169243793
Dominican Republic,2015/1/31,0.425973709,0.517715359,0.340518247
Dominican Republic,2015/2/28,0.384916895,0.687877615,0.428086974
Dominican Republic,2015/3/31,0.364914858,0.684006706,0.458521193
Dominican Republic,2015/4/30,0.31859435,0.629488354,0.463141511
Dominican Republic,2015/5/31,0.220689641,0.575665539,0.440579438
Dominican Republic,2015/6/30,0.131206842,0.558327657,0.39231972
Dominican Republic,2015/7/31,-0.388846132,0.426767251,0.226699544
Dominican Republic,2015/8/31,-0.906793627,0.057729156,-0.536591128
Dominican Republic,2015/9/30,-2.06585906,-2.06776381,-3.04787306
Dominican Republic,2015/10/31,-3.60812142,-3.26619612,-3.814236668
Dominican Republic,2015/11/30,-2.541697003,-1.418588755,-1.495602138
Dominican Republic,2015/12/31,-0.991012732,-0.190962591,-0.475282343
Dominican Republic,2016/1/31,-0.681507522,0.269881569,0.158311522
Dominican Republic,2016/2/29,-0.465696065,0.440869142,0.359031788
Dominican Republic,2016/3/31,0.055409647,0.447475567,0.431079718
Dominican Republic,2016/4/30,-0.20461684,0.423592654,0.451696294
Dominican Republic,2016/5/31,0.314383395,0.158268664,0.448695957
Dominican Republic,2016/6/30,0.117521237,-0.016711828,0.40762319
Dominican Republic,2016/7/31,0.324910783,-0.005179922,0.351334737
Dominican Republic,2016/8/31,0.509140075,-0.311721598,0.217681453
Dominican Republic,2016/9/30,0.571251665,-1.083379346,0.064335941
Dominican Republic,2016/10/31,0.558618799,-0.697928937,-0.034436476
Dominican Republic,2016/11/30,0.601781091,-0.028361859,0.046514712
Dominican Republic,2016/12/31,0.597570135,0.333361064,0.23426136
Dominican Republic,2017/1/31,0.678631024,0.566218686,0.392106664
Dominican Republic,2017/2/28,0.70916045,0.677358316,0.462048711
Dominican Republic,2017/3/31,0.686000196,0.666830468,0.48312841
Dominican Republic,2017/4/30,0.688105673,0.667830641,0.494955135
Dominican Republic,2017/5/31,0.615466695,0.629178277,0.498956691
Dominican Republic,2017/6/30,0.635468733,0.286654474,0.495545902
Dominican Republic,2017/7/31,0.61125574,-0.598350744,0.480206843
Dominican Republic,2017/8/31,0.643890643,-1.141188087,0.437450984
Dominican Republic,2017/9/30,0.623888606,-0.64991676,0.378934224
Dominican Republic,2017/10/31,0.604939307,-0.077437934,0.322446002
Dominican Republic,2017/11/30,0.65547077,0.365090709,0.299316887
Dominican Republic,2017/12/31,0.693369367,0.61773885,0.375929143
Dominican Republic,2018/1/31,0.703896755,0.770049538,0.445437961
Dominican Republic,2018/2/28,0.668103636,0.848633429,0.490009776
Dominican Republic,2018/3/31,0.621783128,0.837399165,0.499348163
Dominican Republic,2018/4/30,0.662839942,0.802027866,0.504351887
Dominican Republic,2018/5/31,0.69126389,0.774198662,0.504425436
Dominican Republic,2018/6/30,0.698633061,0.765414705,0.502389782
Dominican Republic,2018/7/31,0.688105673,0.474421169,0.484898813
Dominican Republic,2018/8/31,0.687052934,-0.46772834,0.422938998
Dominican Republic,2018/9/30,0.639679688,-1.022565424,0.289375871
Dominican Republic,2018/10/31,0.580726314,-0.780070551,-0.02984368
Dominican Republic,2018/11/30,0.496507209,-0.1172016,-0.111171631
Dominican Republic,2018/12/31,0.493348993,0.348535402,0.041288917
Dominican Republic,2019/1/31,0.470188739,0.595267215,0.239120832
Dominican Republic,2019/2/28,0.357545686,0.739655788,0.347940082
Dominican Republic,2019/3/31,0.151208879,0.738347093,0.398994198
Dominican Republic,2019/4/30,0.277537536,0.700029675,0.425587247
Dominican Republic,2019/5/31,-0.0624971,0.65029459,0.358203766
Dominican Republic,2019/6/30,-0.494120013,-0.22227336,0.078424188
Dominican Republic,2019/7/31,-2.444845032,-3.577094415,-1.630679431
Dominican Republic,2019/8/31,-3.136494432,-3.838831927,-3.876170385
Dominican Republic,2019/9/30,-2.383786181,-0.889711088,-3.737047881
Dominican Republic,2019/10/31,-1.973218044,0.075830961,-1.656952659
Dominican Republic,2019/11/30,-1.662660095,0.392147441,-0.450662313
Dominican Republic,2019/12/31,-1.131026994,0.550250893,0.11438267
Ecuador,2014/2/28,0.179557578,-1.116882444,0.510701847
Ecuador,2014/3/31,-0.073758458,-4.805191911,0.511249776
Ecuador,2014/4/30,-0.403416313,0.266233606,0.511415565
Ecuador,2014/5/31,-0.440100044,-2.499998494,0.515274584
Ecuador,2014/6/30,-0.556099951,0.266233606,0.520235927
Ecuador,2014/7/31,-0.461911992,-0.655843761,0.522583438
Ecuador,2014/8/31,0.042241449,-1.116882444,0.523765718
Ecuador,2014/9/30,0.371899304,-0.655843761,0.51351204
Ecuador,2014/10/31,0.390736896,0.266233606,0.413291611
Ecuador,2014/11/30,0.464104359,0.266233606,0.17310004
Ecuador,2014/12/31,0.444275315,0.266233606,-0.270340818
Ecuador,2015/1/31,0.180549031,0.266233606,-1.089973081
Ecuador,2015/2/28,-0.050955057,0.266233606,-1.746076198
Ecuador,2015/3/31,-1.613483718,0.266233606,-3.136123611
Ecuador,2015/4/30,-3.798148632,-0.194805077,-3.649122044
Ecuador,2015/5/31,-5.572352337,0.266233606,-3.801732001
Ecuador,2015/6/30,-3.197824327,-5.727269277,-2.490461714
Ecuador,2015/7/31,-1.103381563,0.266233606,-1.973697739
Ecuador,2015/8/31,0.19839517,0.266233606,-1.250668516
Ecuador,2015/9/30,0.374377935,0.266233606,-0.959292626
Ecuador,2015/10/31,0.449728302,0.266233606,-0.671955653
Ecuador,2015/11/30,0.465591537,0.266233606,-0.166444797
Ecuador,2015/12/31,0.452206932,0.266233606,-0.304990854
Ecuador,2016/1/31,-0.046493522,0.266233606,-0.597466718
Ecuador,2016/2/29,-0.274527527,0.266233606,-0.607332378
Ecuador,2016/3/31,-0.23486944,0.266233606,-0.926720839
Ecuador,2016/4/30,-0.060869579,0.266233606,-0.786683852
Ecuador,2016/5/31,-0.29584375,0.266233606,-0.481688518
Ecuador,2016/6/30,-0.275023254,0.266233606,-0.109994011
Ecuador,2016/7/31,0.033814106,0.266233606,0.095344696
Ecuador,2016/8/31,0.303984829,0.266233606,0.214130038
Ecuador,2016/9/30,0.413044571,0.266233606,0.269887683
Ecuador,2016/10/31,0.470548798,0.266233606,0.349561954
Ecuador,2016/11/30,0.499796638,0.266233606,0.432366239
Ecuador,2016/12/31,0.571676922,0.266233606,0.45623113
Ecuador,2017/1/31,0.33174549,0.266233606,0.468535426
Ecuador,2017/2/28,0.068019206,0.266233606,0.48025887
Ecuador,2017/3/31,-0.343929181,0.266233606,0.469564262
Ecuador,2017/4/30,-0.484219667,0.266233606,0.478197082
Ecuador,2017/5/31,-0.344920633,0.266233606,0.491573132
Ecuador,2017/6/30,0.066036302,0.266233606,0.50343297
Ecuador,2017/7/31,0.294566033,0.266233606,0.512760108
Ecuador,2017/8/31,0.463608633,0.266233606,0.51773027
Ecuador,2017/9/30,0.44873685,0.266233606,0.516414535
Ecuador,2017/10/31,0.565232483,0.266233606,0.500436999
Ecuador,2017/11/30,0.548377795,0.266233606,0.499515749
Ecuador,2017/12/31,0.572668374,0.266233606,0.497011855
Ecuador,2018/1/31,0.435352245,0.266233606,0.501886776
Ecuador,2018/2/28,0.444771041,0.266233606,0.50863124
Ecuador,2018/3/31,0.480959046,0.266233606,0.502810377
Ecuador,2018/4/30,0.506736803,0.266233606,0.505436556
Ecuador,2018/5/31,0.52359149,0.266233606,0.51108575
Ecuador,2018/6/30,0.524087216,0.266233606,0.517502162
Ecuador,2018/7/31,0.513676968,0.266233606,0.521300038
Ecuador,2018/8/31,0.574155552,0.266233606,0.524685204
Ecuador,2018/9/30,0.563249578,0.266233606,0.525748139
Ecuador,2018/10/31,0.585061527,0.266233606,0.526569445
Ecuador,2018/11/30,0.5845658,0.266233606,0.527897525
Ecuador,2018/12/31,0.549369247,0.266233606,0.528393131
Ecuador,2019/1/31,0.430394984,0.266233606,0.528577145
Ecuador,2019/2/28,0.432873614,0.266233606,0.528832885
Ecuador,2019/3/31,0.310429268,0.266233606,0.529095679
Ecuador,2019/4/30,0.352565987,0.266233606,0.528954581
Ecuador,2019/5/31,0.124531981,0.266233606,0.528884033
Ecuador,2019/6/30,0.082395263,0.266233606,0.529247947
Ecuador,2019/7/31,0.165181522,0.266233606,0.529177986
Ecuador,2019/8/31,0.335215573,0.266233606,0.529413148
Ecuador,2019/9/30,0.397677061,0.266233606,0.52958129
Ecuador,2019/10/31,0.419984736,0.266233606,0.529579526
Ecuador,2019/11/30,0.353061713,0.266233606,0.529674179
Ecuador,2019/12/31,0.276719894,0.266233606,0.529717684
El Salvador,2014/2/28,0.186892224,-0.825042978,1.069338671
El Salvador,2014/3/31,-0.083903484,-0.924107778,1.025167752
El Salvador,2014/4/30,-0.120797609,-1.81476369,0.701847981
El Salvador,2014/5/31,-0.479709381,-3.819859961,-0.081810192
El Salvador,2014/6/30,-1.306782517,-4.231882981,-1.290278008
El Salvador,2014/7/31,-1.899595874,-3.174625112,-3.302764967
El Salvador,2014/8/31,-4.06381237,-2.728138052,-4.221332411
El Salvador,2014/9/30,-2.691207667,-2.003929548,-2.084734295
El Salvador,2014/10/31,-1.040285153,-0.844361387,-0.354698849
El Salvador,2014/11/30,0.104865482,-0.068688643,0.355850632
El Salvador,2014/12/31,0.436554405,0.260960683,0.678628147
El Salvador,2015/1/31,0.285037759,0.424626241,0.808914744
El Salvador,2015/2/28,0.662933886,0.48860881,0.916727427
El Salvador,2015/3/31,0.481687023,0.441935535,0.842538017
El Salvador,2015/4/30,0.344498192,0.312424923,0.690971017
El Salvador,2015/5/31,-0.008324259,0.032539819,0.383296988
El Salvador,2015/6/30,-0.712536379,0.142113833,-0.026337907
El Salvador,2015/7/31,-1.749153814,0.232369438,-0.934476823
El Salvador,2015/8/31,-2.556526204,0.200841795,-2.000229363
El Salvador,2015/9/30,-2.302565678,0.289861022,-1.139570353
El Salvador,2015/10/31,-1.988786524,0.397271374,-0.273920771
El Salvador,2015/11/30,-1.266664634,0.491854303,0.302778021
El Salvador,2015/12/31,0.140326825,0.551818643,0.561897328
El Salvador,2016/1/31,0.23918875,0.568509748,0.648999272
El Salvador,2016/2/29,0.452673197,0.575309828,0.77778349
El Salvador,2016/3/31,0.498522206,0.576391659,0.701003604
El Salvador,2016/4/30,0.427957716,0.469908591,0.257342328
El Salvador,2016/5/31,0.372079236,0.239324065,-0.206474991
El Salvador,2016/6/30,0.508193481,0.279351808,0.189071778
El Salvador,2016/7/31,0.624248785,0.340088884,0.256857207
El Salvador,2016/8/31,0.567653915,0.242878652,0.370980894
El Salvador,2016/9/30,0.577683385,0.324325063,0.011656729
El Salvador,2016/10/31,0.574101432,0.451053824,-0.127648782
El Salvador,2016/11/30,0.622457808,0.51410911,0.377869364
El Salvador,2016/12/31,0.687291172,0.539300315,0.706139017
El Salvador,2017/1/31,0.675470725,0.563409689,0.850266015
El Salvador,2017/2/28,0.670455989,0.583809928,0.891335404
El Salvador,2017/3/31,0.646456899,0.562791499,0.806331015
El Salvador,2017/4/30,0.678336288,0.506536293,0.537888565
El Salvador,2017/5/31,0.635711037,0.336688845,0.466250417
El Salvador,2017/6/30,0.574459627,0.380271174,0.281697696
El Salvador,2017/7/31,0.668306817,0.378416607,-0.934725182
El Salvador,2017/8/31,0.640725773,0.36806194,-1.701876158
El Salvador,2017/9/30,0.626756153,0.371307433,-1.053474493
El Salvador,2017/10/31,0.594876764,0.47562684,-0.401877268
El Salvador,2017/11/30,0.648964266,0.513336373,0.066866531
El Salvador,2017/12/31,0.68979854,0.546718583,0.509669726
El Salvador,2018/1/31,0.67582892,0.562636952,0.772214609
El Salvador,2018/2/28,0.643591336,0.575000734,0.833970492
El Salvador,2018/3/31,0.666157645,0.561091479,0.731149436
El Salvador,2018/4/30,0.64788968,0.526318344,0.106584496
El Salvador,2018/5/31,0.599891499,0.298670216,-1.153495296
El Salvador,2018/6/30,0.539714675,0.22943304,-0.828173477
El Salvador,2018/7/31,0.458762519,0.262660703,-0.89874946
El Salvador,2018/8/31,0.444076508,0.154323067,-1.289256955
El Salvador,2018/9/30,0.16002757,0.220314751,-0.585606485
El Salvador,2018/10/31,0.382108707,0.327106914,0.162430584
El Salvador,2018/11/30,0.44550929,0.431889962,0.52949371
El Salvador,2018/12/31,0.591653005,0.496645268,0.73463278
El Salvador,2019/1/31,0.547953169,0.531572951,0.893658337
El Salvador,2019/2/28,0.550460536,0.556764156,0.937595867
El Salvador,2019/3/31,0.505686114,0.496799815,0.889973017
El Salvador,2019/4/30,0.584489098,0.200841795,0.697374365
El Salvador,2019/5/31,0.392854569,-0.271763754,0.390675429
El Salvador,2019/6/30,0.035375578,-0.333582662,0.438278882
El Salvador,2019/7/31,-0.934617516,-0.324155279,0.314728113
El Salvador,2019/8/31,-1.367317537,-0.36201936,-0.326465673
El Salvador,2019/9/30,-1.049240038,-0.257236311,-0.725992082
El Salvador,2019/10/31,-0.447113601,-0.059570354,-0.16697903
El Salvador,2019/11/30,0.203011016,0.213823766,0.238895068
El Salvador,2019/12/31,0.448733048,0.423080768,0.393328311
Guatemala,2014/2/28,0.46037563,0.84849,0.256467417
Guatemala,2014/3/31,0.453218487,0.71843,0.256049716
Guatemala,2014/4/30,0.474689915,0.18097,0.255601351
Guatemala,2014/5/31,0.365990813,-1.5421,0.250267228
Guatemala,2014/6/30,0.203165822,-2.32076,0.239440488
Guatemala,2014/7/31,0.034078331,-2.11319,0.218173506
Guatemala,2014/8/31,-0.009759167,-1.32337,0.187891217
Guatemala,2014/9/30,-0.627510027,-0.41198,0.17834168
Guatemala,2014/10/31,-0.774678769,0.06263,0.188929011
Guatemala,2014/11/30,-1.024284113,0.3887,0.223855497
Guatemala,2014/12/31,-0.580093958,0.5858,0.248778808
Guatemala,2015/1/31,0.233136356,0.73243,0.245329823
Guatemala,2015/2/28,0.478715807,0.69676,0.251003206
Guatemala,2015/3/31,0.318574744,0.35728,0.247782009
Guatemala,2015/4/30,0.343177421,0.23259,0.234613803
Guatemala,2015/5/31,0.233583677,-0.41267,0.197747519
Guatemala,2015/6/30,-1.225131424,-1.16458,0.184253503
Guatemala,2015/7/31,0.23134707,-1.3899,0.166855358
Guatemala,2015/8/31,-0.52015289,-0.92783,0.147952653
Guatemala,2015/9/30,-0.549676103,-0.27907,0.16577377
Guatemala,2015/10/31,-0.579199315,0.05547,0.185055548
Guatemala,2015/11/30,0.312759566,0.34648,0.224456869
Guatemala,2015/12/31,-0.223131477,0.50184,0.246572379
Guatemala,2016/1/31,0.427273846,0.62137,0.242803394
Guatemala,2016/2/29,0.442482773,0.58165,0.238025989
Guatemala,2016/3/31,0.381647062,0.16582,0.230608961
Guatemala,2016/4/30,0.579363123,0.024,0.208328502
Guatemala,2016/5/31,0.442930095,0.15017,0.201300983
Guatemala,2016/6/30,0.325284565,0.48384,0.213399545
Guatemala,2016/7/31,0.181694394,0.52555,0.220414367
Guatemala,2016/8/31,0.015738153,0.44342,0.229212431
Guatemala,2016/9/30,0.277868496,-0.1891,0.233511772
Guatemala,2016/10/31,0.365990813,-0.67946,0.236228114
Guatemala,2016/11/30,0.403565811,-0.39697,0.247456844
Guatemala,2016/12/31,0.581152409,-0.08422,0.255628681
Guatemala,2017/1/31,0.625884549,0.27011,0.255982682
Guatemala,2017/2/28,0.566838124,0.29005,0.25626825
Guatemala,2017/3/31,0.643330084,-0.10095,0.254850093
Guatemala,2017/4/30,0.564601517,-0.38691,0.253457221
Guatemala,2017/5/31,0.53999884,-0.22948,0.25369932
Guatemala,2017/6/30,0.546261339,0.18016,0.254074733
Guatemala,2017/7/31,0.501529199,0.22843,0.251456737
Guatemala,2017/8/31,0.430852417,0.30216,0.245552231
Guatemala,2017/9/30,0.421458667,0.49631,0.242188787
Guatemala,2017/10/31,0.452771166,0.6564,0.24438252
Guatemala,2017/11/30,0.535078304,0.83103,0.249996939
Guatemala,2017/12/31,0.601281872,0.9766,0.254372998
Guatemala,2018/1/31,0.540446161,1.0365,0.256834007
Guatemala,2018/2/28,0.550287232,1.05965,0.256503032
Guatemala,2018/3/31,0.56862741,0.98953,0.255494182
Guatemala,2018/4/30,0.496608663,0.79226,0.253181229
Guatemala,2018/5/31,0.449192594,0.56772,0.250349541
Guatemala,2018/6/30,0.39372474,0.57886,0.249138512
Guatemala,2018/7/31,0.270264032,0.45868,0.247606515
Guatemala,2018/8/31,0.36196492,0.33791,0.247627066
Guatemala,2018/9/30,0.251029212,0.45072,0.250952097
Guatemala,2018/10/31,0.394619383,0.5725,0.252632796
Guatemala,2018/11/30,0.472900629,0.80552,0.255390671
Guatemala,2018/12/31,0.550734553,0.96141,0.256305803
Guatemala,2019/1/31,0.355255099,1.05564,0.257703624
Guatemala,2019/2/28,0.409828311,1.06561,0.257709434
Guatemala,2019/3/31,0.396408669,1.00634,0.25740977
Guatemala,2019/4/30,0.408933668,0.50114,0.247516562
Guatemala,2019/5/31,0.058681008,-1.30004,0.087601551
Guatemala,2019/6/30,-0.528651997,-2.89439,-1.271472138
Guatemala,2019/7/31,-3.154875965,-3.57214,-5.16088009
Guatemala,2019/8/31,-5.145008895,-2.82419,-5.840995818
Guatemala,2019/9/30,-3.48142059,-1.18931,-1.955144558
Guatemala,2019/10/31,-2.290651011,-0.29192,-0.492474034
Guatemala,2019/11/30,-1.008627864,0.30827,-0.143139989
Guatemala,2019/12/31,-0.204343978,0.54131,-0.050244217
Honduras,2014/2/28,0.594336983,0.215,0.363169012
Honduras,2014/3/31,0.523266513,-0.13147,0.363742436
Honduras,2014/4/30,0.552713156,-0.67027,0.363549019
Honduras,2014/5/31,0.407915375,-0.48803,0.363398837
Honduras,2014/6/30,0.084666506,0.03536,0.362852719
Honduras,2014/7/31,-0.414819417,0.177,0.36318039
Honduras,2014/8/31,-0.496960055,0.1475,0.362281571
Honduras,2014/9/30,-0.39046505,-0.14932,0.359298404
Honduras,2014/10/31,-1.292905044,-0.53378,0.359166426
Honduras,2014/11/30,-0.886629924,-0.23309,0.361191612
Honduras,2014/12/31,0.073153533,0.11573,0.36260014
Honduras,2015/1/31,-0.215777819,0.37903,0.36320542
Honduras,2015/2/28,0.067175643,0.41382,0.36422484
Honduras,2015/3/31,0.120533847,-0.01162,0.364534306
Honduras,2015/4/30,-0.397549957,-0.43513,0.363567223
Honduras,2015/5/31,-0.521535825,-0.33426,0.36141461
Honduras,2015/6/30,-1.110468696,0.02953,0.359958296
Honduras,2015/7/31,-0.404413461,0.10054,0.356592847
Honduras,2015/8/31,0.036621983,0.08677,0.350749389
Honduras,2015/9/30,0.410129409,0.27109,0.344783054
Honduras,2015/10/31,0.360092255,0.49406,0.33656171
Honduras,2015/11/30,0.277508811,0.7233,0.342482534
Honduras,2015/12/31,0.291678624,0.86672,0.349650327
Honduras,2016/1/31,0.056769686,0.97197,0.357125311
Honduras,2016/2/29,0.264224611,0.99768,0.361071011
Honduras,2016/3/31,0.330867015,0.80791,0.361571618
Honduras,2016/4/30,0.188061864,-0.83621,0.353459497
Honduras,2016/5/31,0.12673314,-5.08302,0.318446535
Honduras,2016/6/30,0.038836016,-1.99355,0.293063446
Honduras,2016/7/31,0.216844297,-0.39276,0.285570258
Honduras,2016/8/31,0.491163029,-0.14696,0.265482233
Honduras,2016/9/30,0.418099929,0.00945,0.226926333
Honduras,2016/10/31,0.440683069,0.0674,0.137429042
Honduras,2016/11/30,0.583266817,0.25683,0.202112117
Honduras,2016/12/31,0.601643293,0.34066,0.28641674
Honduras,2017/1/31,0.626219064,0.53632,0.327097947
Honduras,2017/2/28,0.648802204,0.45693,0.347565978
Honduras,2017/3/31,0.651459044,0.10152,0.3545176
Honduras,2017/4/30,0.649466414,-0.3007,0.353395783
Honduras,2017/5/31,0.612934863,-0.18185,0.348096168
Honduras,2017/6/30,0.547842283,0.26628,0.343174283
Honduras,2017/7/31,0.593229967,0.25367,0.332675173
Honduras,2017/8/31,0.631754147,0.24631,0.306682252
Honduras,2017/9/30,0.663414824,0.39925,0.270718135
Honduras,2017/10/31,0.664743244,0.57152,0.198899125
Honduras,2017/11/30,0.694411291,0.76892,0.172357811
Honduras,2017/12/31,0.692861467,0.90288,0.250168187
Honduras,2018/1/31,0.685112351,0.97047,0.32039663
Honduras,2018/2/28,0.641495894,0.98259,0.343492852
Honduras,2018/3/31,0.573303666,0.91171,0.351147599
Honduras,2018/4/30,0.521273883,0.6342,0.353566445
Honduras,2018/5/31,0.542528603,0.33779,0.343597524
Honduras,2018/6/30,0.561126483,0.31752,0.313729444
Honduras,2018/7/31,0.627547484,0.13991,0.283308421
Honduras,2018/8/31,0.666957277,-0.11887,0.252737215
Honduras,2018/9/30,0.610278023,-0.01509,0.255237978
Honduras,2018/10/31,0.587252077,0.1773,0.20507708
Honduras,2018/11/30,0.523266513,0.53078,0.138701041
Honduras,2018/12/31,0.518395639,0.76972,0.160372806
Honduras,2019/1/31,0.401716082,0.87549,0.270852389
Honduras,2019/2/28,0.312490538,0.93089,0.320835799
Honduras,2019/3/31,0.014703052,0.82316,0.328677137
Honduras,2019/4/30,0.345036828,0.26635,0.255674872
Honduras,2019/5/31,-0.252309369,-1.79769,-0.095148775
Honduras,2019/6/30,-1.908627718,-3.14338,-1.276842507
Honduras,2019/7/31,-3.814689028,-2.74029,-2.442949134
Honduras,2019/8/31,-4.772479855,-1.56035,-2.888096386
Honduras,2019/9/30,-2.364939991,-0.4186,-4.435368041
Honduras,2019/10/31,-1.586485866,0.04269,-4.133444671
Honduras,2019/11/30,-1.431724935,0.45457,-2.813524033
Honduras,2019/12/31,-1.103826596,0.54021,-1.708209392
Jamaica,2014/2/28,0.481969885,0.684921855,0.436951916
Jamaica,2014/3/31,0.491170421,0.691013836,0.197878569
Jamaica,2014/4/30,0.497304112,0.694394417,0.281085006
Jamaica,2014/5/31,0.491170421,0.693961719,0.189406862
Jamaica,2014/6/30,0.488103576,0.692915005,0.283248125
Jamaica,2014/7/31,0.463568812,0.687133524,0.210169754
Jamaica,2014/8/31,0.35622922,0.675903404,0.219508231
Jamaica,2014/9/30,0.067945746,0.655121119,0.315452695
Jamaica,2014/10/31,-0.309276248,0.627610492,0.245868319
Jamaica,2014/11/30,-0.048594383,0.618802455,0.347669451
Jamaica,2014/12/31,0.307159693,0.62697995,0.280608714
Jamaica,2015/1/31,0.518772031,0.646970159,0.324505803
Jamaica,2015/2/28,0.503437803,0.669365458,0.541691031
Jamaica,2015/3/31,0.509571494,0.674629984,0.139877033
Jamaica,2015/4/30,0.515705185,0.677074178,0.042228986
Jamaica,2015/5/31,0.531039413,0.673861416,0.186523212
Jamaica,2015/6/30,0.521838876,0.658781941,0.303297593
Jamaica,2015/7/31,0.524905722,0.602985369,0.218327148
Jamaica,2015/8/31,0.521838876,0.450289215,0.229231093
Jamaica,2015/9/30,0.475836194,0.128871503,0.323803551
Jamaica,2015/10/31,0.531039413,-0.33795866,0.272647828
Jamaica,2015/11/30,0.494237267,-0.700612055,0.364654502
Jamaica,2015/12/31,0.466635658,-0.739246431,0.36378113
Jamaica,2016/1/31,0.411432439,-0.290292566,0.367333011
Jamaica,2016/2/29,-0.278607793,0.153329505,0.492094175
Jamaica,2016/3/31,0.034210445,0.254695951,-0.123176972
Jamaica,2016/4/30,0.285691774,0.272251741,0.152659743
Jamaica,2016/5/31,-0.134466056,0.097684226,0.224430087
Jamaica,2016/6/30,-0.042460692,-0.253306351,0.298252348
Jamaica,2016/7/31,-0.781570452,-1.037798207,0.229457053
Jamaica,2016/8/31,-0.033260155,-2.483638612,0.252965988
Jamaica,2016/9/30,-0.247939339,-3.489565715,0.329985703
Jamaica,2016/10/31,-0.539289659,-2.906834053,0.26957427
Jamaica,2016/11/30,-0.827573134,-1.285087308,0.380360469
Jamaica,2016/12/31,0.448234585,-0.385376867,0.317858529
Jamaica,2017/1/31,0.503437803,0.228289529,0.356136588
Jamaica,2017/2/28,0.506504649,0.498224378,0.614778034
Jamaica,2017/3/31,0.521838876,0.579871545,0.255730311
Jamaica,2017/4/30,0.509571494,0.625698616,0.335363541
Jamaica,2017/5/31,0.497304112,0.631674218,0.223488166
Jamaica,2017/6/30,0.491170421,0.618869257,0.334113908
Jamaica,2017/7/31,0.494237267,0.58581107,-0.115834556
Jamaica,2017/8/31,0.521838876,0.52707383,0.130703582
Jamaica,2017/9/30,0.527972567,0.454950431,0.28685383
Jamaica,2017/10/31,0.534106258,0.403155905,0.190496546
Jamaica,2017/11/30,0.534106258,0.405545401,0.337917138
Jamaica,2017/12/31,0.089413664,0.465989689,0.249924928
Jamaica,2018/1/31,0.463568812,0.543962069,0.272160872
Jamaica,2018/2/28,0.463568812,0.612959059,0.510471543
Jamaica,2018/3/31,0.396098212,0.636020978,0.2539922
Jamaica,2018/4/30,0.475836194,0.65017105,0.354954489
Jamaica,2018/5/31,0.500370958,0.641648374,0.281217027
Jamaica,2018/6/30,0.448234585,0.614094454,0.352138881
Jamaica,2018/7/31,0.472769349,0.534769981,0.312119664
Jamaica,2018/8/31,0.439034048,0.352179756,0.115538902
Jamaica,2018/9/30,0.282624929,0.012425349,0.307559851
Jamaica,2018/10/31,0.297959156,-0.43200998,0.257077437
Jamaica,2018/11/30,-0.183535584,-0.581826914,0.346881386
Jamaica,2018/12/31,-0.821439443,-0.433235917,0.290268104
Jamaica,2019/1/31,-5.476910878,-0.050198022,0.292737411
Jamaica,2019/2/28,-2.79648793,0.216906953,0.556658694
Jamaica,2019/3/31,-0.45035114,0.333409433,0.293585902
Jamaica,2019/4/30,0.307159693,0.399358687,0.358476412
Jamaica,2019/5/31,0.340894993,0.337660064,0.359952004
Jamaica,2019/6/30,0.061812055,0.166500829,0.011654879
Jamaica,2019/7/31,-0.241805648,-0.369806272,-1.443730895
Jamaica,2019/8/31,-0.888910043,-1.437883316,-3.811170221
Jamaica,2019/9/30,-2.673814111,-2.902457966,-4.484088477
Jamaica,2019/10/31,-2.790354239,-3.21929616,-4.071675198
Jamaica,2019/11/30,-0.205003502,-1.543207349,-2.815686303
Jamaica,2019/12/31,-1.848832678,-0.507130606,-1.610977535
Laos,2014/2/28,0.463670087,0.59818,0.870905594
Laos,2014/3/31,0.417782488,0.59361,0.861002716
Laos,2014/4/30,0.454957251,0.59094,0.840783821
Laos,2014/5/31,0.389901416,0.58084,0.809772208
Laos,2014/6/30,0.402680241,0.56687,0.737267254
Laos,2014/7/31,0.399195107,0.53952,0.522425319
Laos,2014/8/31,0.405584519,0.45901,-0.044062406
Laos,2014/9/30,0.417782488,0.31757,-1.314102761
Laos,2014/10/31,0.472382922,0.26787,-1.840081191
Laos,2014/11/30,0.47935319,0.45856,-0.619232883
Laos,2014/12/31,0.507234262,0.592,0.70167478
Laos,2015/1/31,0.512461963,0.59849,0.840977906
Laos,2015/2/28,0.492132015,0.59826,0.822617006
Laos,2015/3/31,0.498521427,0.59665,0.772729203
Laos,2015/4/30,0.47935319,0.59295,0.596545378
Laos,2015/5/31,0.490389448,0.57892,0.256808011
Laos,2015/6/30,0.390482272,0.5165,-0.324698038
Laos,2015/7/31,0.378865158,0.29209,-1.79776611
Laos,2015/8/31,0.342271251,-0.47065,-2.176202447
Laos,2015/9/30,0.374218313,-2.33448,-1.179369147
Laos,2015/10/31,0.359116065,-3.01465,-0.442615488
Laos,2015/11/30,0.422429334,-0.226,0.09485709
Laos,2015/12/31,0.423010189,0.55638,0.670050267
Laos,2016/1/31,0.468897788,0.59812,0.827599657
Laos,2016/2/29,0.477029767,0.59558,0.820131356
Laos,2016/3/31,0.490389448,0.58374,0.782548091
Laos,2016/4/30,0.463670087,0.55821,0.74102524
Laos,2016/5/31,0.293479374,0.47259,0.537039583
Laos,2016/6/30,0.123869518,0.27331,0.137092721
Laos,2016/7/31,0.039645445,-0.28911,-0.419874622
Laos,2016/8/31,0.086694755,-1.78114,-0.913981109
Laos,2016/9/30,0.150008023,-2.87845,-1.101965532
Laos,2016/10/31,0.00537496,-1.64717,-0.68551009
Laos,2016/11/30,0.109348126,0.01078,-0.015077903
Laos,2016/12/31,0.382931148,0.5705,0.40887308
Laos,2017/1/31,0.360277777,0.59824,0.848615323
Laos,2017/2/28,0.434627303,0.59704,0.865316852
Laos,2017/3/31,0.470059499,0.58491,0.815374569
Laos,2017/4/30,0.411393076,0.57412,0.695242734
Laos,2017/5/31,0.041388012,0.52981,0.4289501
Laos,2017/6/30,-0.340234165,0.4299,-0.005575681
Laos,2017/7/31,-1.03900354,0.17773,-0.790995882
Laos,2017/8/31,-0.618464033,-0.38636,-1.81723023
Laos,2017/9/30,-0.369276949,-1.27136,-2.152653461
Laos,2017/10/31,-0.088142803,-0.91784,-1.250288505
Laos,2017/11/30,0.223776693,0.2781,0.199440557
Laos,2017/12/31,0.39745254,0.55335,0.683900676
Laos,2018/1/31,0.502006561,0.59823,0.875407005
Laos,2018/2/28,0.510719396,0.59791,0.860756421
Laos,2018/3/31,0.483419179,0.59176,0.869727463
Laos,2018/4/30,0.495617149,0.58372,0.852537884
Laos,2018/5/31,0.46192752,0.56165,0.812785634
Laos,2018/6/30,0.325426436,0.48484,0.709483582
Laos,2018/7/31,-0.617883177,0.25906,0.492028877
Laos,2018/8/31,0.098311868,-0.27446,0.144676793
Laos,2018/9/30,0.163948559,-1.11277,-0.487538799
Laos,2018/10/31,0.202865889,-1.19641,-1.045998667
Laos,2018/11/30,0.244687498,0.07657,-0.365831583
Laos,2018/12/31,0.393967406,0.57586,0.625494696
Laos,2019/1/31,0.20809359,0.59848,0.821518326
Laos,2019/2/28,0.273149426,0.59781,0.819023595
Laos,2019/3/31,0.254562044,0.58964,0.788589697
Laos,2019/4/30,-0.034123226,0.57088,0.609907737
Laos,2019/5/31,-2.749623499,0.48566,0.088309273
Laos,2019/6/30,-3.898556021,0.28095,-1.799826136
Laos,2019/7/31,-4.761707551,-0.36378,-2.886277924
Laos,2019/8/31,-2.904711963,-2.41622,-2.728928294
Laos,2019/9/30,-1.256243562,-3.50499,-0.596484072
Laos,2019/10/31,-1.971857752,-1.82058,0.084763532
Laos,2019/11/30,0.114575827,0.00866,0.493447627
Laos,2019/12/31,0.512461963,0.5635,0.664143726
Malaysia,2014/2/28,-0.434597062,0.603045486,0.805619928
Malaysia,2014/3/31,0.21381025,0.025280773,-0.324267239
Malaysia,2014/4/30,1.000983164,0.358701893,-0.034708023
Malaysia,2014/5/31,0.477035722,-0.427507945,-0.327568284
Malaysia,2014/6/30,-0.214288787,-0.961211278,1.066220816
Malaysia,2014/7/31,-1.183859787,-0.648398401,-1.640956848
Malaysia,2014/8/31,-1.605878887,-0.254578768,-3.39492244
Malaysia,2014/9/30,-0.440676999,0.001708691,-0.814629663
Malaysia,2014/10/31,-0.412423178,-0.074820755,-0.826582539
Malaysia,2014/11/30,-0.659912345,0.259995868,0.111643114
Malaysia,2014/12/31,-1.429560737,0.360759688,-0.412060531
Malaysia,2015/1/31,-2.098711361,0.476660585,-0.006012759
Malaysia,2015/2/28,-1.31618781,0.767782295,0.935419591
Malaysia,2015/3/31,-0.116652164,0.132185868,-0.718964477
Malaysia,2015/4/30,0.539265657,0.396015968,0.379775136
Malaysia,2015/5/31,-0.332311077,-0.945285845,-0.089932264
Malaysia,2015/6/30,-1.271482396,-3.665977941,0.9375548
Malaysia,2015/7/31,-1.527555003,-0.763457612,-2.177294889
Malaysia,2015/8/31,-1.091230171,-0.344979203,-2.395692573
Malaysia,2015/9/30,-0.608411709,-0.113198908,-0.526329152
Malaysia,2015/10/31,-0.705690688,-0.227188318,-0.730389378
Malaysia,2015/11/30,-0.509344513,-0.009823197,-0.053690327
Malaysia,2015/12/31,-0.325515854,-0.07214995,-0.224637986
Malaysia,2016/1/31,-2.492834283,-0.048256634,-0.321150078
Malaysia,2016/2/29,-1.276847046,0.222399231,0.838713625
Malaysia,2016/3/31,-0.693173172,-0.212953236,-0.485454209
Malaysia,2016/4/30,0.356152285,0.036376531,0.346113875
Malaysia,2016/5/31,0.727386036,-0.026137294,0.265524274
Malaysia,2016/6/30,0.052513119,0.381368629,0.919087152
Malaysia,2016/7/31,-0.424940693,0.314007399,-2.637301168
Malaysia,2016/8/31,-0.604477632,0.495565075,-1.513324212
Malaysia,2016/9/30,0.151222671,0.681980207,-0.379520338
Malaysia,2016/10/31,0.494202601,0.593234803,-0.478412941
Malaysia,2016/11/30,0.75385164,0.999790148,0.119534987
Malaysia,2016/12/31,0.396923622,0.667139932,-0.191358184
Malaysia,2017/1/31,-0.130957896,-0.873364519,0.29833049
Malaysia,2017/2/28,0.175542416,-1.047924994,1.329916296
Malaysia,2017/3/31,-0.149197705,-1.37425105,-0.272584906
Malaysia,2017/4/30,-0.152416495,-0.47812216,0.539218346
Malaysia,2017/5/31,-0.487170628,-0.257047424,0.130857031
Malaysia,2017/6/30,-0.391679866,0.230816086,0.460591909
Malaysia,2017/7/31,-0.361995472,0.296661054,-1.917529067
Malaysia,2017/8/31,0.226685409,0.445411561,-0.970219065
Malaysia,2017/9/30,0.92909686,0.628711661,-0.183846661
Malaysia,2017/10/31,0.998479661,0.545204419,-0.224687565
Malaysia,2017/11/30,1.269215643,0.872993827,0.482237026
Malaysia,2017/12/31,1.177301314,1.041764416,0.491298805
Malaysia,2018/1/31,1.01242775,1.342123726,0.701291811
Malaysia,2018/2/28,1.043185074,1.696130194,1.597445975
Malaysia,2018/3/31,0.997049088,0.242890623,0.189646858
Malaysia,2018/4/30,0.995976158,-0.883010188,0.640411913
Malaysia,2018/5/31,0.797484124,-1.322174042,0.808441837
Malaysia,2018/6/30,1.695884106,-0.59379145,0.196460582
Malaysia,2018/7/31,1.428366914,-0.031574535,0.069927185
Malaysia,2018/8/31,1.236670102,0.407817296,0.50296198
Malaysia,2018/9/30,0.814293359,0.791769286,1.695804314
Malaysia,2018/10/31,2.262748745,0.903377573,1.391846223
Malaysia,2018/11/30,0.014602929,1.292812595,1.692289045
Malaysia,2018/12/31,-0.371651841,1.515048156,0.012325763
Malaysia,2019/1/31,1.846809581,0.909152521,-0.464381095
Malaysia,2019/2/28,-1.190655009,-1.834549882,0.517220629
Malaysia,2019/3/31,-1.207106602,-4.207182174,-0.952687859
Malaysia,2019/4/30,-0.330522861,-2.03212527,0.302718934
Malaysia,2019/5/31,-0.76005247,-0.662519983,0.154714314
Malaysia,2019/6/30,1.385092074,0.120038177,0.3862333
Malaysia,2019/7/31,0.436979672,0.271795521,-0.036683027
Malaysia,2019/8/31,0.405864705,0.329890253,1.452110829
Malaysia,2019/9/30,-0.667422854,0.549116742,1.532979031
Malaysia,2019/10/31,1.992012763,0.486065573,0.600871151
Malaysia,2019/11/30,-1.132716794,0.792796648,0.114008456
Malaysia,2019/12/31,0.804994633,0.907175977,0.710412418
Mexico,2014/2/28,0.566745213,0.41762,0.700746833
Mexico,2014/3/31,0.552758979,0.41809,0.701494224
Mexico,2014/4/30,0.61017615,0.41821,0.700404481
Mexico,2014/5/31,0.490409821,0.41608,0.692871076
Mexico,2014/6/30,0.293203923,0.41138,0.666882529
Mexico,2014/7/31,0.078036757,0.40361,0.604872735
Mexico,2014/8/31,0.104610601,0.38212,0.407006184
Mexico,2014/9/30,-0.238346576,0.3654,-0.141312541
Mexico,2014/10/31,-0.915353907,0.36973,-1.142046308
Mexico,2014/11/30,-0.411334205,0.40237,-0.796142046
Mexico,2014/12/31,0.435127391,0.41517,0.403893008
Mexico,2015/1/31,0.5222101,0.41877,0.611941275
Mexico,2015/2/28,0.656846004,0.4192,0.66877575
Mexico,2015/3/31,0.562254896,0.41924,0.668537104
Mexico,2015/4/30,0.334794566,0.41922,0.642684266
Mexico,2015/5/31,0.104389766,0.41804,0.527006401
Mexico,2015/6/30,-0.412953664,0.41454,0.074278809
Mexico,2015/7/31,-1.20619396,0.40542,-0.895775753
Mexico,2015/8/31,-1.786033772,0.37487,-2.613779261
Mexico,2015/9/30,-1.632332422,0.33674,-3.702609687
Mexico,2015/10/31,-1.705576121,0.34246,-2.854117319
Mexico,2015/11/30,-0.771590145,0.39296,-0.512306744
Mexico,2015/12/31,0.436894073,0.41208,0.503002574
Mexico,2016/1/31,0.547458933,0.418,0.62813247
Mexico,2016/2/29,0.354154458,0.41888,0.66771603
Mexico,2016/3/31,0.494679303,0.41911,0.676716613
Mexico,2016/4/30,0.601048292,0.41901,0.662667073
Mexico,2016/5/31,0.581541176,0.41778,0.576304612
Mexico,2016/6/30,0.438587144,0.41261,0.353555532
Mexico,2016/7/31,0.233799235,0.40311,-0.07527227
Mexico,2016/8/31,-0.549135415,0.36892,-0.728150046
Mexico,2016/9/30,-0.73868569,0.29366,-0.805287136
Mexico,2016/10/31,-0.777479086,0.28009,-0.523958716
Mexico,2016/11/30,-0.120199705,0.34934,0.138974084
Mexico,2016/12/31,0.626591572,0.40073,0.597115751
Mexico,2017/1/31,0.777937345,0.41532,0.674666127
Mexico,2017/2/28,0.78316378,0.41764,0.683023025
Mexico,2017/3/31,0.73627309,0.41806,0.686097599
Mexico,2017/4/30,0.760859417,0.41753,0.669813915
Mexico,2017/5/31,0.709920081,0.40437,0.629053072
Mexico,2017/6/30,0.538478298,0.36129,0.53204513
Mexico,2017/7/31,0.467369341,0.26499,0.355499672
Mexico,2017/8/31,0.287903877,-0.31451,-0.218329318
Mexico,2017/9/30,-0.275078843,-1.43919,-0.923375876
Mexico,2017/10/31,-0.614797102,-1.71822,-1.02470177
Mexico,2017/11/30,-0.227452036,-0.72288,0.127061361
Mexico,2017/12/31,0.66590025,0.107,0.566795944
Mexico,2018/1/31,0.853094949,0.3334,0.663538736
Mexico,2018/2/28,0.826226658,0.38044,0.688844228
Mexico,2018/3/31,0.802082001,0.39019,0.691200444
Mexico,2018/4/30,0.779704027,0.39311,0.684094513
Mexico,2018/5/31,0.73458002,0.30332,0.663842597
Mexico,2018/6/30,0.599870504,0.14196,0.584887069
Mexico,2018/7/31,0.539876922,-0.56748,0.345420344
Mexico,2018/8/31,0.516910054,-2.8079,-0.180036645
Mexico,2018/9/30,-0.191235051,-5.20107,-0.928068513
Mexico,2018/10/31,-0.555097967,-4.05188,-0.90431587
Mexico,2018/11/30,-0.014640445,-1.05115,-0.232356312
Mexico,2018/12/31,0.578964765,0.07832,0.399682061
Mexico,2019/1/31,0.719047939,0.34881,0.645699014
Mexico,2019/2/28,0.709552022,0.38655,0.6811463
Mexico,2019/3/31,0.67215725,0.39305,0.682377471
Mexico,2019/4/30,0.743192595,0.39639,0.670958976
Mexico,2019/5/31,0.543483898,0.34591,0.612396572
Mexico,2019/6/30,0.274064866,0.22601,0.289561788
Mexico,2019/7/31,-0.14051655,0.05751,-0.220686194
Mexico,2019/8/31,-1.414220786,-0.50894,-1.160270063
Mexico,2019/9/30,-3.470638836,-1.36723,-2.815025898
Mexico,2019/10/31,-4.61191552,-1.16703,-2.727880194
Mexico,2019/11/30,-2.143124406,-0.13421,-0.383150439
Mexico,2019/12/31,-0.323000096,0.27593,0.405669546
Nicaragua,2014/2/28,0.787381786,0.28099,0.706604308
Nicaragua,2014/3/31,0.73806484,0.3025,-0.573542618
Nicaragua,2014/4/30,0.822086304,0.30347,0.334015562
Nicaragua,2014/5/31,0.764093228,0.29511,0.318377885
Nicaragua,2014/6/30,0.624514094,0.30229,0.4129785
Nicaragua,2014/7/31,0.401826774,0.30511,0.335078851
Nicaragua,2014/8/31,0.422071076,0.31158,0.328068936
Nicaragua,2014/9/30,0.520096117,0.31963,0.420512038
Nicaragua,2014/10/31,0.367883321,0.33165,0.362906538
Nicaragua,2014/11/30,0.45494904,0.34325,0.421845732
Nicaragua,2014/12/31,0.383409026,0.34875,0.356164737
Nicaragua,2015/1/31,0.463472956,0.35358,0.348381418
Nicaragua,2015/2/28,0.6721567,0.35977,0.596867869
Nicaragua,2015/3/31,0.826500475,0.36014,0.344437625
Nicaragua,2015/4/30,0.782663189,0.35899,0.410945877
Nicaragua,2015/5/31,0.718277177,0.35676,0.403595664
Nicaragua,2015/6/30,0.586460896,0.35613,0.46700915
Nicaragua,2015/7/31,0.291320284,0.35246,0.392226037
Nicaragua,2015/8/31,0.022055849,0.35054,0.387206352
Nicaragua,2015/9/30,0.378081578,0.34751,0.478847403
Nicaragua,2015/10/31,-0.044917782,0.34969,0.448307643
Nicaragua,2015/11/30,-0.164252614,0.34997,0.537937841
Nicaragua,2015/12/31,0.38036477,0.35273,0.455532965
Nicaragua,2016/1/31,0.289493731,0.35786,0.273766735
Nicaragua,2016/2/29,0.514159818,0.36,0.40822922
Nicaragua,2016/3/31,0.598637919,0.36133,0.283136967
Nicaragua,2016/4/30,0.288276028,0.35813,0.410901191
Nicaragua,2016/5/31,0.033167383,0.35131,0.44234383
Nicaragua,2016/6/30,-0.860778367,0.35246,0.514529448
Nicaragua,2016/7/31,-1.620624644,0.34845,0.444497907
Nicaragua,2016/8/31,-0.777670181,0.34289,0.430628176
Nicaragua,2016/9/30,-0.02086816,0.33954,0.548982066
Nicaragua,2016/10/31,0.044583342,0.33815,0.515350976
Nicaragua,2016/11/30,0.111100334,0.3435,0.614205892
Nicaragua,2016/12/31,0.355706297,0.34985,0.616093
Nicaragua,2017/1/31,0.307911479,0.35473,0.634259426
Nicaragua,2017/2/28,0.322828333,0.35626,-0.277200153
Nicaragua,2017/3/31,0.224346654,0.3558,-0.0764242
Nicaragua,2017/4/30,0.289189305,0.35276,0.223823101
Nicaragua,2017/5/31,0.088877266,0.33562,-0.103248179
Nicaragua,2017/6/30,-0.14553044,0.33155,-0.128040681
Nicaragua,2017/7/31,-0.203066877,0.32817,-0.089577815
Nicaragua,2017/8/31,-0.015692925,0.29525,-0.119619159
Nicaragua,2017/9/30,0.348704508,0.28828,0.162497236
Nicaragua,2017/10/31,0.266357386,0.28139,0.256569644
Nicaragua,2017/11/30,0.334548718,0.28738,0.367719982
Nicaragua,2017/12/31,0.638669885,0.30898,0.303106859
Nicaragua,2018/1/31,0.522227096,0.32213,0.312062316
Nicaragua,2018/2/28,0.449469379,0.33857,0.524992759
Nicaragua,2018/3/31,0.488892493,0.33402,0.272666781
Nicaragua,2018/4/30,0.524966926,0.33124,0.373124651
Nicaragua,2018/5/31,0.587830811,0.2854,0.321520774
Nicaragua,2018/6/30,0.627862776,0.26789,0.379128565
Nicaragua,2018/7/31,0.441402101,0.24153,0.311334743
Nicaragua,2018/8/31,0.383713451,0.19169,0.338765988
Nicaragua,2018/9/30,-0.447216201,0.02567,0.411780008
Nicaragua,2018/10/31,-0.358323928,-0.08784,0.340792882
Nicaragua,2018/11/30,0.100902077,-0.06215,0.448314517
Nicaragua,2018/12/31,0.059500196,0.02306,0.395136331
Nicaragua,2019/1/31,-0.056029316,0.13342,0.423405146
Nicaragua,2019/2/28,0.130279146,0.20898,0.598088131
Nicaragua,2019/3/31,0.251592745,0.21356,0.266659429
Nicaragua,2019/4/30,0.577784766,0.14348,-0.212111529
Nicaragua,2019/5/31,0.117493272,-0.19912,-1.47039229
Nicaragua,2019/6/30,-0.899744843,-0.594,-2.581306731
Nicaragua,2019/7/31,-1.913329851,-1.02718,-3.37416264
Nicaragua,2019/8/31,-4.231835157,-1.71898,-3.827972666
Nicaragua,2019/9/30,-3.869568703,-3.19089,-3.191333122
Nicaragua,2019/10/31,-3.480512797,-4.97338,-2.857593371
Nicaragua,2019/11/30,-2.051995708,-3.78577,-2.047594223
Nicaragua,2019/12/31,-0.566246607,-3.1936,-1.506144227
Panama,2014/2/28,-4.243195504,0.155839337,0.766421842
Panama,2014/3/31,0.753376267,0.183046273,0.278136734
Panama,2014/4/30,-0.021563733,0.177487867,0.624683864
Panama,2014/5/31,0.363078019,0.210545757,0.452491235
Panama,2014/6/30,0.82502522,0.265690999,0.64055701
Panama,2014/7/31,0.858964198,0.296554782,0.464530569
Panama,2014/8/31,0.936269648,0.37130072,0.484306049
Panama,2014/9/30,0.932498651,0.373933649,0.649307283
Panama,2014/10/31,0.881590184,0.376274031,0.504266539
Panama,2014/11/30,0.73263578,0.417084435,0.70741403
Panama,2014/12/31,0.223551109,0.428493796,0.537026958
Panama,2015/1/31,0.353650525,0.44004943,0.605463413
Panama,2015/2/28,0.483749941,0.434783571,1.042154801
Panama,2015/3/31,1.136132519,0.42030246,0.571366812
Panama,2015/4/30,1.023002592,0.425422045,0.305919022
Panama,2015/5/31,0.917414661,0.417523257,0.331371559
Panama,2015/6/30,0.493177435,0.428347522,0.637596855
Panama,2015/7/31,0.594994369,0.413135041,0.476867975
Panama,2015/8/31,0.551627897,0.440634525,0.499045155
Panama,2015/9/30,0.594994369,0.441804716,0.671796239
Panama,2015/10/31,0.889132179,0.438294144,0.492782234
Panama,2015/11/30,0.610078359,0.439318061,0.690280077
Panama,2015/12/31,-0.981282612,0.44955723,0.535115192
Panama,2016/1/31,0.519574418,0.45409172,0.595414646
Panama,2016/2/29,0.813712228,0.447801944,0.889336798
Panama,2016/3/31,0.770345756,0.45145879,0.564798968
Panama,2016/4/30,1.036201084,0.438440418,0.80523619
Panama,2016/5/31,0.542200403,0.429371439,0.084345937
Panama,2016/6/30,0.904216169,0.430834177,0.12686733
Panama,2016/7/31,-1.614810203,0.421618925,-1.430438023
Panama,2016/8/31,0.059512715,0.424251854,-2.615856771
Panama,2016/9/30,-0.221426603,0.423081663,-2.68147354
Panama,2016/10/31,-0.532533902,0.424690676,-2.349501062
Panama,2016/11/30,-1.578985726,0.432589464,-0.646812355
Panama,2016/12/31,-1.793932587,0.428054974,-0.264565206
Panama,2017/1/31,-0.870038184,0.434637297,0.075883456
Panama,2017/2/28,0.265032082,0.433028285,0.604048431
Panama,2017/3/31,0.551627897,0.425129497,0.060883967
Panama,2017/4/30,0.713780792,0.408746826,0.307008523
Panama,2017/5/31,0.630818846,0.404943706,0.146978568
Panama,2017/6/30,0.063283713,0.380662246,0.343643868
Panama,2017/7/31,-0.951114632,0.395435905,0.166993876
Panama,2017/8/31,-0.660747819,0.399970395,0.229609377
Panama,2017/9/30,-0.687144802,0.387829665,0.410655063
Panama,2017/10/31,-1.011450593,0.399677847,0.01474118
Panama,2017/11/30,-0.802160228,0.414451506,0.236338248
Panama,2017/12/31,-0.779534243,0.391193964,0.050800939
Panama,2018/1/31,-0.528762905,0.41649934,0.229225654
Panama,2018/2/28,-0.264793075,0.396167275,0.572795498
Panama,2018/3/31,0.383818505,0.346872987,0.193117929
Panama,2018/4/30,0.551627897,0.290703828,0.491521427
Panama,2018/5/31,0.510146924,0.206888911,0.420292697
Panama,2018/6/30,0.380047508,0.15481542,-0.175935287
Panama,2018/7/31,-0.104525679,0.146185263,-0.452281519
Panama,2018/8/31,-0.049846214,0.140919404,0.04198557
Panama,2018/9/30,-0.2270831,0.197673658,0.277194555
Panama,2018/10/31,-0.129037163,0.175586307,0.133829176
Panama,2018/11/30,-0.089441689,0.235558586,0.299950746
Panama,2018/12/31,0.106650185,0.204402256,0.132092141
Panama,2019/1/31,0.012375246,0.215372794,0.169172879
Panama,2019/2/28,0.540314904,0.145600167,0.687607715
Panama,2019/3/31,0.766574758,-0.094435222,0.159394774
Panama,2019/4/30,0.889132179,-0.450904598,0.356522598
Panama,2019/5/31,0.768460257,-1.16428217,0.404536038
Panama,2019/6/30,0.540314904,-1.738260762,0.431859229
Panama,2019/7/31,0.099108189,-2.490693453,-0.619019788
Panama,2019/8/31,-0.528762905,-2.611954476,-0.935937959
Panama,2019/9/30,-1.105725532,-3.271503271,-2.505265516
Panama,2019/10/31,-1.690230154,-3.318895999,-3.256898213
Panama,2019/11/30,-2.342612733,-3.165601003,-2.853265315
Panama,2019/12/31,-2.763078961,-3.494132073,-2.896334885
Peru,2014/2/28,-0.044676909,-0.33015,1.115569326
Peru,2014/3/31,0.151728355,-0.38703,0.36548929
Peru,2014/4/30,0.291522689,-0.18885,0.597790517
Peru,2014/5/31,0.352523853,-0.05733,0.524104036
Peru,2014/6/30,0.241150516,0.22577,1.158765741
Peru,2014/7/31,0.319250491,0.3873,0.939884528
Peru,2014/8/31,0.417915253,0.43571,-2.563315364
Peru,2014/9/30,0.44171495,0.40377,0.040784928
Peru,2014/10/31,0.322485401,0.23732,0.041219333
Peru,2014/11/30,0.204642243,0.16356,0.490205958
Peru,2014/12/31,0.279276243,0.12448,0.222793422
Peru,2015/1/31,0.160508825,0.09993,0.216349747
Peru,2015/2/28,0.090496125,0.14687,1.337399321
Peru,2015/3/31,-0.186550829,0.13448,0.287335676
Peru,2015/4/30,-1.181978918,0.21569,0.749860226
Peru,2015/5/31,-1.144084255,0.31645,-0.733492506
Peru,2015/6/30,-1.205316484,0.42914,0.244287166
Peru,2015/7/31,-0.139182501,0.50086,0.083589344
Peru,2015/8/31,0.238608801,0.52289,0.011053002
Peru,2015/9/30,0.345822968,0.49176,0.447527726
Peru,2015/10/31,0.352061723,0.35889,0.163288199
Peru,2015/11/30,0.565103668,0.25663,0.567761747
Peru,2015/12/31,0.364770299,0.15319,0.326668989
Peru,2016/1/31,0.148031314,0.09295,0.379310612
Peru,2016/2/29,-0.451351337,0.11183,1.151073668
Peru,2016/3/31,-0.644059561,0.09128,-0.783580448
Peru,2016/4/30,-0.78131218,0.15061,0.383978398
Peru,2016/5/31,-0.419926495,0.23154,0.20262358
Peru,2016/6/30,-0.195331299,0.38567,0.55699057
Peru,2016/7/31,0.369622665,0.48852,0.239117745
Peru,2016/8/31,0.486310498,0.50809,0.151711303
Peru,2016/9/30,0.465283581,0.46421,0.496246257
Peru,2016/10/31,0.382331241,-0.01548,0.403797613
Peru,2016/11/30,0.321792206,-1.10625,0.670748852
Peru,2016/12/31,0.332421197,-2.79377,0.405114274
Peru,2017/1/31,0.197941358,-4.05726,0.647607472
Peru,2017/2/28,-0.079336661,-3.69524,0.29693396
Peru,2017/3/31,-0.827294118,-3.50344,-0.296353763
Peru,2017/4/30,-2.37011523,-2.50833,-2.772311791
Peru,2017/5/31,-6.77675615,-1.50614,-4.936191132
Peru,2017/6/30,-1.984467718,-0.53163,-3.231944444
Peru,2017/7/31,-0.251711163,-0.01454,-1.327070867
Peru,2017/8/31,0.354834504,0.11025,-0.302681597
Peru,2017/9/30,0.302382745,0.05258,0.080696413
Peru,2017/10/31,0.399892182,0.07901,-0.20802783
Peru,2017/11/30,0.371471185,0.1144,0.199019052
Peru,2017/12/31,0.397350467,0.14871,-0.192976728
Peru,2018/1/31,0.196092838,0.16415,0.016118993
Peru,2018/2/28,0.37077799,0.26081,0.84241954
Peru,2018/3/31,0.335425042,0.27364,-0.055912612
Peru,2018/4/30,0.383255501,0.33785,0.372651802
Peru,2018/5/31,0.485617303,0.40313,0.444127989
Peru,2018/6/30,0.573884139,0.48357,-0.816710042
Peru,2018/7/31,0.538069061,0.536,-0.525404192
Peru,2018/8/31,0.526977941,0.54876,-0.319902656
Peru,2018/9/30,0.614782647,0.53674,0.06451172
Peru,2018/10/31,0.614320517,0.52079,-0.188003824
Peru,2018/11/30,0.576194789,0.53252,0.219634677
Peru,2018/12/31,0.513345105,0.54052,-0.107968822
Peru,2019/1/31,0.275348138,0.54838,-0.035899983
Peru,2019/2/28,0.265874472,0.55754,0.988110734
Peru,2019/3/31,0.323640726,0.56282,-0.051797141
Peru,2019/4/30,0.483075588,0.56934,0.446020754
Peru,2019/5/31,0.342588058,0.57473,0.398032437
Peru,2019/6/30,0.293833339,0.58257,0.777932103
Peru,2019/7/31,0.467363166,0.58674,0.022057931
Peru,2019/8/31,0.429237439,0.58786,-1.457593049
Peru,2019/9/30,0.475450442,0.58708,-0.109603013
Peru,2019/10/31,0.465283581,0.58726,-0.176322464
Peru,2019/11/30,-0.433559331,0.58885,0.288421689
Peru,2019/12/31,-0.102674228,0.58943,0.116325905
Philippines,2014/2/28,0.890115222,0.94267,1.217531663
Philippines,2014/3/31,0.959435526,0.9476,1.236159247
Philippines,2014/4/30,0.997020585,0.94599,1.214623191
Philippines,2014/5/31,0.87943931,0.93888,1.119561083
Philippines,2014/6/30,0.663800515,0.92877,0.858194679
Philippines,2014/7/31,0.312884755,0.8999,0.422182613
Philippines,2014/8/31,0.06046525,0.86303,-0.191149539
Philippines,2014/9/30,0.231206717,0.83728,-0.84103802
Philippines,2014/10/31,0.270912334,0.76279,-1.696380299
Philippines,2014/11/30,0.521357527,0.77106,-1.249296139
Philippines,2014/12/31,1.059832971,0.81356,-0.069428256
Philippines,2015/1/31,0.501906893,0.87357,0.682583745
Philippines,2015/2/28,0.741456805,0.92181,1.067807976
Philippines,2015/3/31,0.87154206,0.93051,1.07299277
Philippines,2015/4/30,0.959947385,0.92582,1.012231177
Philippines,2015/5/31,0.852018303,0.88362,0.771948178
Philippines,2015/6/30,0.422568781,0.81523,0.079154326
Philippines,2015/7/31,-0.447298667,0.70583,-0.714785789
Philippines,2015/8/31,-1.057873077,0.53847,-1.774673516
Philippines,2015/9/30,-1.337640465,0.30299,-2.268182284
Philippines,2015/10/31,-1.237462389,-0.13436,-1.97214996
Philippines,2015/11/30,-0.401377621,-0.16982,-1.196865425
Philippines,2015/12/31,0.884119161,0.02639,-0.402264439
Philippines,2016/1/31,-0.013827397,0.36187,0.362883676
Philippines,2016/2/29,0.334455947,0.65142,0.894144891
Philippines,2016/3/31,0.535250837,0.67757,1.011780334
Philippines,2016/4/30,0.727782863,0.52522,0.909128645
Philippines,2016/5/31,0.756520078,0.12764,0.651572915
Philippines,2016/6/30,0.334455947,-0.54145,0.342959455
Philippines,2016/7/31,-0.784101748,-1.19633,-0.081686291
Philippines,2016/8/31,-1.689653066,-2.23755,-0.408867932
Philippines,2016/9/30,-0.935758195,-3.1429,-1.09447888
Philippines,2016/10/31,-0.353920999,-3.78459,-1.356167971
Philippines,2016/11/30,-0.091703055,-2.80197,-0.609152586
Philippines,2016/12/31,0.293507244,-1.52659,0.030137268
Philippines,2017/1/31,0.208465562,-0.18398,0.736264556
Philippines,2017/2/28,0.590970322,0.45107,1.138755164
Philippines,2017/3/31,0.73641134,0.57214,1.121375404
Philippines,2017/4/30,0.898597453,0.56246,1.107163993
Philippines,2017/5/31,0.902692323,0.38947,0.991269005
Philippines,2017/6/30,0.62007315,0.23247,0.833985644
Philippines,2017/7/31,0.038089709,0.03661,0.533238273
Philippines,2017/8/31,-0.564733697,-0.27144,-0.057823757
Philippines,2017/9/30,0.008986881,-0.6849,-0.871449396
Philippines,2017/10/31,0.216801548,-0.75833,-1.062913743
Philippines,2017/11/30,0.262503226,-0.60515,-0.888196695
Philippines,2017/12/31,0.707308512,-0.37303,-0.320846832
Philippines,2018/1/31,0.284440031,0.18266,0.488684806
Philippines,2018/2/28,0.575175822,0.61136,0.857075991
Philippines,2018/3/31,0.710379665,0.67068,0.956828196
Philippines,2018/4/30,0.85165269,0.64832,0.968546078
Philippines,2018/5/31,0.713231449,0.43337,0.771067155
Philippines,2018/6/30,0.270692966,0.15617,0.520765096
Philippines,2018/7/31,-0.663083707,-0.12842,0.214983246
Philippines,2018/8/31,-1.138308029,-0.43664,0.015090445
Philippines,2018/9/30,0.226746233,-1.13006,-0.079652695
Philippines,2018/10/31,-0.927349086,-1.47756,-0.225116105
Philippines,2018/11/30,-0.668933521,-1.16908,-0.20192126
Philippines,2018/12/31,0.430831644,-0.65276,0.094126354
Philippines,2019/1/31,-1.035790026,0.14043,0.429575494
Philippines,2019/2/28,-0.232098608,0.57661,0.784733505
Philippines,2019/3/31,0.2901436,0.6867,0.709719796
Philippines,2019/4/30,0.583658053,0.68598,0.50794733
Philippines,2019/5/31,0.298260218,0.52898,-0.337229086
Philippines,2019/6/30,-1.069426461,0.16469,-1.107592473
Philippines,2019/7/31,-4.220502277,-0.18353,-1.966027012
Philippines,2019/8/31,-3.608319168,-0.50418,-2.498179685
Philippines,2019/9/30,-1.640002763,-0.75047,-2.167234479
Philippines,2019/10/31,-1.52819818,-0.8372,-1.305383029
Philippines,2019/11/30,-0.717779474,-0.6703,-0.190377145
Philippines,2019/12/31,0.877026261,-0.29705,0.467737356
Singapore,2014/2/28,-0.196544743,1.244312728,1.355370466
Singapore,2014/3/31,-0.099478661,0.952574388,1.008889837
Singapore,2014/4/30,-0.270771746,0.28416491,0.59724823
Singapore,2014/5/31,-0.991630149,-1.091530515,-1.289185454
Singapore,2014/6/30,-2.324861333,-3.234780778,-2.538193448
Singapore,2014/7/31,-3.215585379,-3.757608327,-3.479434575
Singapore,2014/8/31,-1.521211273,-2.053508907,-2.349467288
Singapore,2014/9/30,-0.951661762,-0.255611056,-0.957475651
Singapore,2014/10/31,-0.340716423,0.454845142,-0.388438797
Singapore,2014/11/30,0.251672165,0.900989841,0.212467801
Singapore,2014/12/31,-0.022396772,1.129538613,0.70082875
Singapore,2015/1/31,-0.236513129,1.310597204,1.082696068
Singapore,2015/2/28,0.357302901,1.453880025,1.37717518
Singapore,2015/3/31,0.567136932,1.449614961,1.426258453
Singapore,2015/4/30,0.478635504,1.343315644,1.405392845
Singapore,2015/5/31,0.275938686,1.008964341,0.924623433
Singapore,2015/6/30,-0.146584259,0.492857534,0.29968666
Singapore,2015/7/31,-0.396386676,-0.17466903,-0.401459703
Singapore,2015/8/31,-0.237940572,-0.598344156,-0.432274023
Singapore,2015/9/30,-0.279336401,-0.716943054,-0.372290958
Singapore,2015/10/31,-0.283618728,-0.890183736,-0.851197553
Singapore,2015/11/30,-0.362128059,-0.780356295,-1.187512226
Singapore,2015/12/31,-0.711851442,-0.482572937,-1.00936769
Singapore,2016/1/31,-2.467605571,0.159735248,-0.726308385
Singapore,2016/2/29,-1.57973641,0.514507763,-0.101103052
Singapore,2016/3/31,-0.934532454,0.400529448,0.023250706
Singapore,2016/4/30,-0.106615873,0.297090772,-0.142640973
Singapore,2016/5/31,-0.04523585,-0.203329596,-0.433148127
Singapore,2016/6/30,-0.063792601,-0.716907738,-0.183434794
Singapore,2016/7/31,-0.192262415,-1.021729686,0.130430278
Singapore,2016/8/31,-0.357845732,-0.642468667,0.597559555
Singapore,2016/9/30,0.281648455,-0.062537771,0.802173547
Singapore,2016/10/31,0.657065802,0.065441207,0.778028764
Singapore,2016/11/30,0.782680731,0.372865986,0.791249808
Singapore,2016/12/31,0.792672828,0.562285184,0.962540065
Singapore,2017/1/31,0.759841653,0.894794139,1.05886261
Singapore,2017/2/28,0.902585891,0.96526716,0.971465851
Singapore,2017/3/31,1.001079416,0.859191514,0.433853993
Singapore,2017/4/30,0.996797088,0.766682137,0.277620227
Singapore,2017/5/31,0.911150545,0.301964457,0.077972038
Singapore,2017/6/30,0.804092367,-0.247807273,-0.628795279
Singapore,2017/7/31,0.871182159,-0.714831124,-1.0921955
Singapore,2017/8/31,0.91400543,-0.733528889,-0.749098392
Singapore,2017/9/30,0.951118932,-0.584992141,-0.169832292
Singapore,2017/10/31,0.849770523,-0.242199004,-0.19580397
Singapore,2017/11/30,0.986804992,0.017484848,0.240805207
Singapore,2017/12/31,0.926852412,0.123365076,0.148837788
Singapore,2018/1/31,0.882601698,0.587590678,0.252822004
Singapore,2018/2/28,1.013926397,1.009753078,1.082364216
Singapore,2018/3/31,1.042475245,0.958614697,1.228577427
Singapore,2018/4/30,0.94969149,0.928158872,1.165491377
Singapore,2018/5/31,0.864044947,0.56909304,0.785214895
Singapore,2018/6/30,0.861190062,-0.09106178,0.121684102
Singapore,2018/7/31,0.881174255,-0.814485042,-0.4708287
Singapore,2018/8/31,0.888311467,-0.901067123,-0.925816307
Singapore,2018/9/30,0.912577988,-0.657520586,-0.632827107
Singapore,2018/10/31,0.785535616,-0.461704381,-0.246358339
Singapore,2018/11/30,0.731292805,0.026262191,-0.012520864
Singapore,2018/12/31,0.737002575,0.528931047,0.525197051
Singapore,2019/1/31,0.12891212,0.696476345,0.998486113
Singapore,2019/2/28,0.445804329,0.843834696,1.214788472
Singapore,2019/3/31,0.609960203,0.744273778,0.821087388
Singapore,2019/4/30,0.488627601,0.770246755,0.05018886
Singapore,2019/5/31,-0.730408193,0.313284592,-0.823335688
Singapore,2019/6/30,-1.331361436,-0.786325971,-1.522234354
Singapore,2019/7/31,-3.205593283,-1.948105453,-2.19349182
Singapore,2019/8/31,-1.526921042,-1.458499016,-0.857309441
Singapore,2019/9/30,-0.489170431,-0.678518636,-0.104166693
Singapore,2019/10/31,-0.566252319,-0.261483023,0.216434628
Singapore,2019/11/30,-0.667600728,0.352557786,0.533743089
Singapore,2019/12/31,-0.689012364,0.609273869,0.78617966
Sri Lanka,2014/2/28,0.707181349,0.68694,0.954799166
Sri Lanka,2014/3/31,0.763132456,0.6884,0.263827523
Sri Lanka,2014/4/30,0.757891856,0.6823,0.570232808
Sri Lanka,2014/5/31,0.355598775,0.66729,0.31690414
Sri Lanka,2014/6/30,-0.02110785,0.64831,0.72819569
Sri Lanka,2014/7/31,0.13533946,0.64684,0.504542085
Sri Lanka,2014/8/31,0.397215301,0.65291,0.429223546
Sri Lanka,2014/9/30,0.610230258,0.66864,-0.175120756
Sri Lanka,2014/10/31,0.354828099,0.67339,0.185124011
Sri Lanka,2014/11/30,0.17680185,0.68021,0.529507703
Sri Lanka,2014/12/31,0.186204102,0.68897,0.332138438
Sri Lanka,2015/1/31,0.039159045,0.6952,0.280347958
Sri Lanka,2015/2/28,0.442068667,0.70154,0.951895296
Sri Lanka,2015/3/31,0.713963301,0.69943,0.268740144
Sri Lanka,2015/4/30,0.815538451,0.6893,0.546840839
Sri Lanka,2015/5/31,0.76559862,0.66518,0.341628248
Sri Lanka,2015/6/30,0.787023424,0.62339,0.596208552
Sri Lanka,2015/7/31,0.689609927,0.58155,0.442941698
Sri Lanka,2015/8/31,0.769760273,0.58286,0.434738025
Sri Lanka,2015/9/30,0.847752724,0.58388,0.65132842
Sri Lanka,2015/10/31,0.697470826,0.56828,0.501159028
Sri Lanka,2015/11/30,0.583410719,0.57045,0.845421966
Sri Lanka,2015/12/31,0.435132579,0.59495,0.668920316
Sri Lanka,2016/1/31,-0.014634168,0.6317,0.48591323
Sri Lanka,2016/2/29,0.332940889,0.6517,0.181549279
Sri Lanka,2016/3/31,0.601598682,0.6343,0.007623736
Sri Lanka,2016/4/30,0.580636284,0.55064,0.554068888
Sri Lanka,2016/5/31,0.643831749,0.2671,0.432986119
Sri Lanka,2016/6/30,0.287933387,-0.03118,0.755938673
Sri Lanka,2016/7/31,-0.635491076,-0.28302,0.489940313
Sri Lanka,2016/8/31,0.266046177,-0.39155,0.521357699
Sri Lanka,2016/9/30,0.458869413,-0.36415,0.717845261
Sri Lanka,2016/10/31,0.680207675,-0.41846,0.522425326
Sri Lanka,2016/11/30,0.667414447,-0.37867,0.875831143
Sri Lanka,2016/12/31,-0.254006258,-0.32016,0.80781924
Sri Lanka,2017/1/31,-0.663235427,-0.00243,1.024950158
Sri Lanka,2017/2/28,-0.326912245,0.1954,1.403359927
Sri Lanka,2017/3/31,-1.067994672,0.06081,-2.093275686
Sri Lanka,2017/4/30,-0.90445714,-0.41658,-0.36136906
Sri Lanka,2017/5/31,-1.430829122,-2.2825,-3.412708131
Sri Lanka,2017/6/30,-2.876155643,-3.8926,-3.817670585
Sri Lanka,2017/7/31,-5.299624652,-4.16021,-3.681986043
Sri Lanka,2017/8/31,-2.402035522,-3.07359,-2.383003363
Sri Lanka,2017/9/30,-0.441280623,-2.196,-1.610136825
Sri Lanka,2017/10/31,0.002474848,-1.61333,-0.921633951
Sri Lanka,2017/11/30,-0.34309645,-0.98152,0.010508439
Sri Lanka,2017/12/31,-0.633795588,-0.38938,-0.209384509
Sri Lanka,2018/1/31,-0.104649172,0.07982,-0.166729241
Sri Lanka,2018/2/28,0.325079989,0.34784,0.479116448
Sri Lanka,2018/3/31,0.49617015,0.35451,-0.215893779
Sri Lanka,2018/4/30,0.613621234,0.24031,0.037043872
Sri Lanka,2018/5/31,0.4684258,-0.03856,-0.133899214
Sri Lanka,2018/6/30,0.167399598,-0.22278,0.165067179
Sri Lanka,2018/7/31,0.022204164,-0.38201,-0.05967322
Sri Lanka,2018/8/31,0.35544464,-0.33142,-0.03732396
Sri Lanka,2018/9/30,0.701324208,-0.13241,0.159569952
Sri Lanka,2018/10/31,0.723519689,-0.09548,0.024437433
Sri Lanka,2018/11/30,0.317835631,0.13542,0.353431571
Sri Lanka,2018/12/31,0.156918399,0.28409,-0.204040621
Sri Lanka,2019/1/31,0.157072534,0.45398,-1.174069415
Sri Lanka,2019/2/28,0.441297991,0.55074,0.45914012
Sri Lanka,2019/3/31,0.426501004,0.54323,-0.228994739
Sri Lanka,2019/4/30,0.559365615,0.4781,-0.159451356
Sri Lanka,2019/5/31,0.360531104,0.25614,-0.530243977
Sri Lanka,2019/6/30,0.089407146,0.01376,0.045007953
Sri Lanka,2019/7/31,-0.35419419,-0.05433,-0.155677283
Sri Lanka,2019/8/31,-0.454227987,0.05311,-0.139498029
Sri Lanka,2019/9/30,-0.109119095,0.14555,0.116354993
Sri Lanka,2019/10/31,-0.7666602,0.14039,-0.129026845
Sri Lanka,2019/11/30,-2.338223516,0.20744,0.099242284
Sri Lanka,2019/12/31,-1.49325391,0.23606,-0.074384247
Thailand,2014/2/28,1.019047089,0.817,0.706208913
Thailand,2014/3/31,0.993746917,0.81185,0.705530471
Thailand,2014/4/30,1.044698652,0.80158,0.701091508
Thailand,2014/5/31,0.852839013,0.76598,0.692821976
Thailand,2014/6/30,0.522004121,0.71717,0.676166776
Thailand,2014/7/31,0.248973096,0.62474,0.642049884
Thailand,2014/8/31,0.277084398,0.41285,0.55876507
Thailand,2014/9/30,0.436264649,0.2009,0.441266475
Thailand,2014/10/31,0.527450686,0.03205,0.215658541
Thailand,2014/11/30,0.544493163,0.21353,0.248024882
Thailand,2014/12/31,0.778871148,0.57267,0.638841937
Thailand,2015/1/31,0.823849232,0.7589,0.691595368
Thailand,2015/2/28,0.903966444,0.79864,0.676391891
Thailand,2015/3/31,0.810320668,0.78232,0.631128165
Thailand,2015/4/30,0.684698285,0.67287,0.462126096
Thailand,2015/5/31,-0.129475314,0.30958,0.15415781
Thailand,2015/6/30,-0.98124778,-0.34193,-0.46191074
Thailand,2015/7/31,-1.828452159,-1.33159,-1.444836272
Thailand,2015/8/31,-2.551791112,-3.95618,-3.309370188
Thailand,2015/9/30,-2.433899337,-3.7567,-3.939749395
Thailand,2015/10/31,-1.885201851,-1.61985,-2.411102939
Thailand,2015/11/30,-2.83641805,-0.09638,-0.791994583
Thailand,2015/12/31,-0.593663197,0.49192,0.338496295
Thailand,2016/1/31,0.04569324,0.74217,0.608154353
Thailand,2016/2/29,0.574185727,0.77483,0.596874624
Thailand,2016/3/31,0.63532781,0.75952,0.562075929
Thailand,2016/4/30,0.909413009,0.68222,0.488630862
Thailand,2016/5/31,0.939456964,0.5186,0.373690621
Thailand,2016/6/30,0.630232636,0.3108,0.301280915
Thailand,2016/7/31,-0.028626016,0.10003,0.10618983
Thailand,2016/8/31,-0.514775854,-0.15753,-0.133303583
Thailand,2016/9/30,-0.117176619,-0.45499,-0.329615122
Thailand,2016/10/31,0.174302448,-0.58489,-0.209840243
Thailand,2016/11/30,0.364580827,-0.09674,0.17932184
Thailand,2016/12/31,0.605108159,0.45452,0.421698491
Thailand,2017/1/31,0.685752458,0.73177,0.685163675
Thailand,2017/2/28,0.852311926,0.77423,0.695000672
Thailand,2017/3/31,0.908358835,0.73357,0.654831657
Thailand,2017/4/30,0.911521357,0.53754,0.635627007
Thailand,2017/5/31,0.624961767,-0.05624,0.574600989
Thailand,2017/6/30,0.012135372,-0.76237,0.523941455
Thailand,2017/7/31,-0.220134265,-1.40885,0.415984083
Thailand,2017/8/31,-0.066751971,-1.82214,0.186433983
Thailand,2017/9/30,0.387772652,-1.57268,-0.177713681
Thailand,2017/10/31,0.555386293,-0.8616,-0.465920467
Thailand,2017/11/30,0.553277945,-0.00225,-0.146389378
Thailand,2017/12/31,0.764815497,0.48718,0.439733314
Thailand,2018/1/31,0.893951793,0.74897,0.687350053
Thailand,2018/2/28,0.937700007,0.78867,0.648222028
Thailand,2018/3/31,0.830877058,0.77116,0.668297894
Thailand,2018/4/30,0.742853542,0.73757,0.611882578
Thailand,2018/5/31,0.00616172,0.65318,0.493244269
Thailand,2018/6/30,-1.108275728,0.51044,0.419567018
Thailand,2018/7/31,-1.192258245,0.27744,0.310072862
Thailand,2018/8/31,-0.892521482,-0.02703,0.192203077
Thailand,2018/9/30,-0.301129955,-0.52469,-0.318521927
Thailand,2018/10/31,-0.03495106,-1.07698,-0.568198694
Thailand,2018/11/30,0.01424372,-0.28921,-0.28139152
Thailand,2018/12/31,0.281652485,0.38376,0.472348599
Thailand,2019/1/31,0.269002399,0.70884,0.658432179
Thailand,2019/2/28,0.411842955,0.76744,0.640961278
Thailand,2019/3/31,0.344200133,0.76218,0.596249646
Thailand,2019/4/30,0.421154824,0.69056,0.330728885
Thailand,2019/5/31,-0.179548572,0.44539,-0.8430851
Thailand,2019/6/30,-1.997471366,-0.07201,-1.897929477
Thailand,2019/7/31,-2.650356366,-0.72434,-2.360432668
Thailand,2019/8/31,-1.911731893,-1.4428,-2.691993721
Thailand,2019/9/30,-1.236709242,-1.77549,-1.50068051
Thailand,2019/10/31,-0.969827564,-1.12964,-0.616028062
Thailand,2019/11/30,-0.542887157,-0.16178,0.093028488
Thailand,2019/12/31,0.448739039,0.46976,0.447863055
Venezuela,2014/2/28,-0.843293867,-3.497658391,-1.33022954
Venezuela,2014/3/31,-0.335122342,-2.520650303,-1.467732804
Venezuela,2014/4/30,-0.007397352,-2.416329703,-1.109605503
Venezuela,2014/5/31,0.152965758,-2.335517294,-1.262637214
Venezuela,2014/6/30,-0.429757877,-2.133846825,-0.893795302
Venezuela,2014/7/31,-1.082773502,-2.660016855,-1.252260095
Venezuela,2014/8/31,-1.75921979,-2.143990441,-1.463022378
Venezuela,2014/9/30,-3.418536753,-1.735217141,-1.893072149
Venezuela,2014/10/31,-4.204833292,-2.013709876,-1.690270839
Venezuela,2014/11/30,0.700086957,-1.712141617,-1.109193129
Venezuela,2014/12/31,-2.924971355,-1.062036791,-1.113247867
Venezuela,2015/1/31,-1.622591637,-0.170888883,-1.087366634
Venezuela,2015/2/28,-0.714273073,0.284756575,-1.411405481
Venezuela,2015/3/31,-0.039956845,0.3490796,-1.518322959
Venezuela,2015/4/30,0.253382886,0.200242467,-1.319028302
Venezuela,2015/5/31,0.319414754,-0.044646535,-1.215901902
Venezuela,2015/6/30,-0.015917593,-0.038204618,-0.99848583
Venezuela,2015/7/31,-0.281262246,-0.022292121,-1.283150653
Venezuela,2015/8/31,-0.532305065,0.010157835,-1.335726751
Venezuela,2015/9/30,-1.310081364,0.023426262,-1.54931315
Venezuela,2015/10/31,-1.706576872,-0.041714021,-1.776054218
Venezuela,2015/11/30,0.759728645,0.094431573,-1.166894755
Venezuela,2015/12/31,-1.006699921,0.186925967,-1.117286874
Venezuela,2016/1/31,-1.565992893,0.485946304,-1.451453232
Venezuela,2016/2/29,-0.800084073,0.667617984,-1.507500116
Venezuela,2016/3/31,0.040376857,0.678194266,0.571828683
Venezuela,2016/4/30,0.299331329,0.651465117,0.727298983
Venezuela,2016/5/31,0.271336251,0.530126318,0.727813088
Venezuela,2016/6/30,0.183395191,0.44513147,0.727814347
Venezuela,2016/7/31,0.30572151,0.416767804,0.727814347
Venezuela,2016/8/31,0.480082159,0.348743081,0.727814347
Venezuela,2016/9/30,0.583846524,0.259854239,0.727814347
Venezuela,2016/10/31,0.57654346,0.223558362,0.727814347
Venezuela,2016/11/30,0.603625655,0.312447205,0.727814347
Venezuela,2016/12/31,0.696739719,0.422728982,0.727814347
Venezuela,2017/1/31,0.663571638,0.580940546,0.727814347
Venezuela,2017/2/28,0.662658755,0.675886714,0.727814347
Venezuela,2017/3/31,0.630403556,0.70054868,0.727814347
Venezuela,2017/4/30,0.726256269,0.633293142,0.727814347
Venezuela,2017/5/31,0.676351999,0.545221557,0.727814347
Venezuela,2017/6/30,0.641053858,0.553490286,0.727814347
Venezuela,2017/7/31,0.657181457,0.55329799,0.727814347
Venezuela,2017/8/31,0.622796198,0.467053218,0.727814347
Venezuela,2017/9/30,0.59267106,0.421767501,0.727814347
Venezuela,2017/10/31,0.638010914,0.292977231,0.727814347
Venezuela,2017/11/30,0.690349538,0.37234742,0.727814347
Venezuela,2017/12/31,0.740862397,0.442295103,0.727814347
Venezuela,2018/1/31,0.652312748,0.634879584,0.727814347
Venezuela,2018/2/28,0.58354223,0.727566274,0.727814347
Venezuela,2018/3/31,0.596626886,0.693866393,0.727814347
Venezuela,2018/4/30,0.667831758,0.648724899,0.727814347
Venezuela,2018/5/31,0.646226861,0.570989226,0.727814347
Venezuela,2018/6/30,0.594192531,0.525174695,0.727814347
Venezuela,2018/7/31,0.503817116,0.474168171,0.727814347
Venezuela,2018/8/31,0.468518974,0.447583244,0.727814347
Venezuela,2018/9/30,-0.124550668,0.406383818,0.727814347
Venezuela,2018/10/31,-0.196668423,0.262257939,0.727814347
Venezuela,2018/11/30,-0.049085675,0.310380022,0.727814347
Venezuela,2018/12/31,0.383316563,0.395471018,0.727814347
Venezuela,2019/1/31,0.460303028,0.542577486,0.727814347
Venezuela,2019/2/28,0.577456343,0.650263267,0.727814347
Venezuela,2019/3/31,0.697348308,0.679348042,0.727814347
Venezuela,2019/4/30,0.728690624,0.651609339,0.727814347
Venezuela,2019/5/31,0.606364304,0.579257955,0.727814347
Venezuela,2019/6/30,0.494079698,0.528732172,0.727814347
Venezuela,2019/7/31,0.411615935,0.474793133,0.727814347
Venezuela,2019/8/31,0.340106769,0.453352125,0.727814347
Venezuela,2019/9/30,0.281073669,0.330667254,0.727814347
Venezuela,2019/10/31,0.28746385,0.174715168,0.727814347
Venezuela,2019/11/30,0.353495719,0.216443408,0.727814347
Venezuela,2019/12/31,0.468823269,0.338935984,0.727814347
Vietnam,2014/2/28,1.010344412,0.68943,0.698541677
Vietnam,2014/3/31,1.026113569,0.6844,0.699581252
Vietnam,2014/4/30,1.026113569,0.6839,0.697437959
Vietnam,2014/5/31,1.015663004,0.66265,0.673546072
Vietnam,2014/6/30,1.015663004,0.58576,0.58106544
Vietnam,2014/7/31,0.810290733,0.30323,0.261509473
Vietnam,2014/8/31,0.904998982,-0.76973,-0.495025355
Vietnam,2014/9/30,0.841829047,-2.38043,-1.545608982
Vietnam,2014/10/31,0.702332661,-2.1818,-1.196744664
Vietnam,2014/11/30,0.702332661,-0.42237,-0.127901528
Vietnam,2014/12/31,0.728645692,0.50978,0.581086414
Vietnam,2015/1/31,0.990562985,0.68156,0.695396728
Vietnam,2015/2/28,0.802359501,0.68825,0.703741599
Vietnam,2015/3/31,0.809450956,0.68067,0.710273837
Vietnam,2015/4/30,0.980485654,0.67724,0.704482189
Vietnam,2015/5/31,0.956971882,0.64719,0.683667013
Vietnam,2015/6/30,0.920208287,0.57172,0.601771388
Vietnam,2015/7/31,0.787989973,0.10135,0.331339075
Vietnam,2015/8/31,0.554345191,-1.2363,-0.410951426
Vietnam,2015/9/30,0.415781892,-2.3131,-1.380207208
Vietnam,2015/10/31,-0.607906967,-1.77186,-2.837814592
Vietnam,2015/11/30,-0.80908035,-0.00007,-1.317202651
Vietnam,2015/12/31,-0.447322834,0.5596,0.241195191
Vietnam,2016/1/31,-0.079033715,0.68494,0.594345864
Vietnam,2016/2/29,0.779872124,0.6886,0.658678079
Vietnam,2016/3/31,0.715115942,0.68437,0.673414515
Vietnam,2016/4/30,0.778192568,0.68247,0.668835022
Vietnam,2016/5/31,0.584670493,0.66376,0.619247962
Vietnam,2016/6/30,0.65446534,0.60887,0.427964662
Vietnam,2016/7/31,0.179244543,0.39021,-0.154558293
Vietnam,2016/8/31,-0.401974845,-0.25959,-1.194630404
Vietnam,2016/9/30,-0.322942445,-1.10188,-1.667119095
Vietnam,2016/10/31,-0.352894511,-1.19722,-0.91656121
Vietnam,2016/11/30,-0.316317533,-0.16859,0.048826372
Vietnam,2016/12/31,0.100118834,0.52409,0.459292378
Vietnam,2017/1/31,0.52943179,0.67619,0.696976733
Vietnam,2017/2/28,0.633750826,0.68538,0.716591448
Vietnam,2017/3/31,0.261729362,0.67886,0.706814247
Vietnam,2017/4/30,0.173552717,0.67974,0.707208026
Vietnam,2017/5/31,0.010449251,0.64957,0.68336347
Vietnam,2017/6/30,-0.439764836,0.5559,0.594780633
Vietnam,2017/7/31,-1.0651192,0.25345,0.292556636
Vietnam,2017/8/31,-1.505162648,-0.46361,-0.576646933
Vietnam,2017/9/30,-2.061188708,-1.56396,-1.637092119
Vietnam,2017/10/31,-0.473449247,-1.16072,-1.683693696
Vietnam,2017/11/30,-0.033872343,0.09042,-0.304618199
Vietnam,2017/12/31,0.6334709,0.5534,0.446408707
Vietnam,2018/1/31,0.484736962,0.6863,0.697626459
Vietnam,2018/2/28,0.820927916,0.69087,0.70204163
Vietnam,2018/3/31,0.819901521,0.68711,0.714699345
Vietnam,2018/4/30,0.861050622,0.68419,0.711755645
Vietnam,2018/5/31,0.808611178,0.67047,0.685432645
Vietnam,2018/6/30,0.448066674,0.62419,0.629171584
Vietnam,2018/7/31,0.263315609,0.42404,0.504227545
Vietnam,2018/8/31,-0.432486763,-0.20515,0.221936503
Vietnam,2018/9/30,-0.434352936,-1.48773,-0.048078877
Vietnam,2018/10/31,-0.742364687,-1.40748,-0.523494786
Vietnam,2018/11/30,-0.742364687,-0.08276,-0.068091929
Vietnam,2018/12/31,-0.055333325,0.55839,0.555931309
Vietnam,2019/1/31,-0.308013066,0.6844,0.68612128
Vietnam,2019/2/28,-0.964159274,0.68903,0.701781356
Vietnam,2019/3/31,0.15647724,0.68452,0.709217153
Vietnam,2019/4/30,0.283003727,0.68182,0.696811717
Vietnam,2019/5/31,-0.03471212,0.65631,0.594805273
Vietnam,2019/6/30,-2.146752712,0.53446,0.39364413
Vietnam,2019/7/31,-1.42529047,-0.1928,-0.462067626
Vietnam,2019/8/31,-2.06781362,-2.01282,-2.086780156
Vietnam,2019/9/30,-2.418654028,-3.41749,-3.879388626
Vietnam,2019/10/31,-2.221959459,-2.08233,-2.396925914
Vietnam,2019/11/30,-3.267855769,-0.11076,-0.425121106
Vietnam,2019/12/31,-1.804496697,0.55749,0.271181739
