old_time,date,country,cases,month,time,time_yr,time_14
2014.081451,2014/1/31,Belize,440,1,396,30,31
2014.158111,2014/2/28,Belize,220,2,424,58,59
2014.242984,2014/3/31,Belize,215,3,455,89,90
2014.32512,2014/4/30,Belize,236,4,485,119,120
2014.409993,2014/5/31,Belize,196,5,516,150,151
2014.492129,2014/6/30,Belize,300,6,546,180,181
2014.577002,2014/7/31,Belize,400,7,577,211,212
2014.661875,2014/8/31,Belize,642,8,608,242,243
2014.744011,2014/9/30,Belize,622,9,638,272,273
2014.828884,2014/10/31,Belize,954,10,669,303,304
2014.91102,2014/11/30,Belize,568,11,699,333,334
2014.995893,2014/12/31,Belize,379,12,730,364,365
2015.080767,2015/1/31,Belize,426,1,761,395,396
2015.157426,2015/2/28,Belize,239,2,789,423,424
2015.2423,2015/3/31,Belize,259,3,820,454,455
2015.324435,2015/4/30,Belize,306,4,850,484,485
2015.409309,2015/5/31,Belize,276,5,881,515,516
2015.491444,2015/6/30,Belize,418,6,911,545,546
2015.576318,2015/7/31,Belize,627,7,942,576,577
2015.661191,2015/8/31,Belize,703,8,973,607,608
2015.743326,2015/9/30,Belize,734,9,1003,637,638
2015.8282,2015/10/31,Belize,672,10,1034,668,669
2015.910335,2015/11/30,Belize,627,11,1064,698,699
2015.995209,2015/12/31,Belize,403,12,1095,729,730
2016.080082,2016/1/31,Belize,581,1,1126,760,761
2016.15948,2016/2/29,Belize,409,2,1155,789,790
2016.244353,2016/3/31,Belize,497,3,1186,820,821
2016.326489,2016/4/30,Belize,341,4,1216,850,851
2016.411362,2016/5/31,Belize,254,5,1247,881,882
2016.493498,2016/6/30,Belize,324,6,1277,911,912
2016.578371,2016/7/31,Belize,387,7,1308,942,943
2016.663244,2016/8/31,Belize,597,8,1339,973,974
2016.74538,2016/9/30,Belize,635,9,1369,1003,1004
2016.830253,2016/10/31,Belize,434,10,1400,1034,1035
2016.912389,2016/11/30,Belize,214,11,1430,1064,1065
2016.997262,2016/12/31,Belize,227,12,1461,1095,1096
2017.082136,2017/1/31,Belize,374,1,1492,1126,1127
2017.158795,2017/2/28,Belize,501,2,1520,1154,1155
2017.243669,2017/3/31,Belize,456,3,1551,1185,1186
2017.325804,2017/4/30,Belize,227,4,1581,1215,1216
2017.410678,2017/5/31,Belize,190,5,1612,1246,1247
2017.492813,2017/6/30,Belize,217,6,1642,1276,1277
2017.577687,2017/7/31,Belize,324,7,1673,1307,1308
2017.66256,2017/8/31,Belize,267,8,1704,1338,1339
2017.744695,2017/9/30,Belize,206,9,1734,1368,1369
2017.829569,2017/10/31,Belize,127,10,1765,1399,1400
2017.911704,2017/11/30,Belize,113,11,1795,1429,1430
2017.996578,2017/12/31,Belize,69,12,1826,1460,1461
2018.081451,2018/1/31,Belize,74,1,1857,1491,1492
2018.158111,2018/2/28,Belize,144,2,1885,1519,1520
2018.242984,2018/3/31,Belize,123,3,1916,1550,1551
2018.32512,2018/4/30,Belize,117,4,1946,1580,1581
2018.409993,2018/5/31,Belize,95,5,1977,1611,1612
2018.492129,2018/6/30,Belize,146,6,2007,1641,1642
2018.577002,2018/7/31,Belize,222,7,2038,1672,1673
2018.661875,2018/8/31,Belize,153,8,2069,1703,1704
2018.744011,2018/9/30,Belize,309,9,2099,1733,1734
2018.828884,2018/10/31,Belize,378,10,2130,1764,1765
2018.91102,2018/11/30,Belize,349,11,2160,1794,1795
2018.995893,2018/12/31,Belize,231,12,2191,1825,1826
2019.080767,2019/1/31,Belize,230,1,2222,1856,1857
2019.157426,2019/2/28,Belize,265,2,2250,1884,1885
2019.2423,2019/3/31,Belize,267,3,2281,1915,1916
2019.324435,2019/4/30,Belize,153,4,2311,1945,1946
2019.409309,2019/5/31,Belize,279,5,2342,1976,1977
2019.491444,2019/6/30,Belize,612,6,2372,2006,2007
2019.576318,2019/7/31,Belize,1236,7,2403,2037,2038
2019.661191,2019/8/31,Belize,2617,8,2434,2068,2069
2019.743326,2019/9/30,Belize,2270,9,2464,2098,2099
2019.8282,2019/10/31,Belize,2522,10,2495,2129,2130
2019.910335,2019/11/30,Belize,1946,11,2525,2159,2160
2019.995209,2019/12/31,Belize,1057,12,2556,2190,2191
2014.081451,2014/1/31,Bolivia,2233,1,396,30,31
2014.158111,2014/2/28,Bolivia,4075,2,424,58,59
2014.242984,2014/3/31,Bolivia,6133,3,455,89,90
2014.32512,2014/4/30,Bolivia,5189,4,485,119,120
2014.409993,2014/5/31,Bolivia,3020,5,516,150,151
2014.492129,2014/6/30,Bolivia,976,6,546,180,181
2014.577002,2014/7/31,Bolivia,474,7,577,211,212
2014.661875,2014/8/31,Bolivia,333,8,608,242,243
2014.744011,2014/9/30,Bolivia,249,9,638,272,273
2014.828884,2014/10/31,Bolivia,349,10,669,303,304
2014.91102,2014/11/30,Bolivia,216,11,699,333,334
2014.995893,2014/12/31,Bolivia,291,12,730,364,365
2015.080767,2015/1/31,Bolivia,719,1,761,395,396
2015.157426,2015/2/28,Bolivia,1378,2,789,423,424
2015.2423,2015/3/31,Bolivia,4450,3,820,454,455
2015.324435,2015/4/30,Bolivia,8131,4,850,484,485
2015.409309,2015/5/31,Bolivia,5415,5,881,515,516
2015.491444,2015/6/30,Bolivia,1827,6,911,545,546
2015.576318,2015/7/31,Bolivia,424,7,942,576,577
2015.661191,2015/8/31,Bolivia,315,8,973,607,608
2015.743326,2015/9/30,Bolivia,489,9,1003,637,638
2015.8282,2015/10/31,Bolivia,887,10,1034,668,669
2015.910335,2015/11/30,Bolivia,1416,11,1064,698,699
2015.995209,2015/12/31,Bolivia,1647,12,1095,729,730
2016.080082,2016/1/31,Bolivia,5855,1,1126,760,761
2016.15948,2016/2/29,Bolivia,9208,2,1155,789,790
2016.244353,2016/3/31,Bolivia,7480,3,1186,820,821
2016.326489,2016/4/30,Bolivia,4861,4,1216,850,851
2016.411362,2016/5/31,Bolivia,1221,5,1247,881,882
2016.493498,2016/6/30,Bolivia,345,6,1277,911,912
2016.578371,2016/7/31,Bolivia,213,7,1308,942,943
2016.663244,2016/8/31,Bolivia,180,8,1339,973,974
2016.74538,2016/9/30,Bolivia,173,9,1369,1003,1004
2016.830253,2016/10/31,Bolivia,357,10,1400,1034,1035
2016.912389,2016/11/30,Bolivia,1080,11,1430,1064,1065
2016.997262,2016/12/31,Bolivia,1414,12,1461,1095,1096
2017.082136,2017/1/31,Bolivia,1202,1,1492,1126,1127
2017.158795,2017/2/28,Bolivia,1558,2,1520,1154,1155
2017.243669,2017/3/31,Bolivia,2455,3,1551,1185,1186
2017.325804,2017/4/30,Bolivia,2099,4,1581,1215,1216
2017.410678,2017/5/31,Bolivia,996,5,1612,1246,1247
2017.492813,2017/6/30,Bolivia,264,6,1642,1276,1277
2017.577687,2017/7/31,Bolivia,211,7,1673,1307,1308
2017.66256,2017/8/31,Bolivia,217,8,1704,1338,1339
2017.744695,2017/9/30,Bolivia,181,9,1734,1368,1369
2017.829569,2017/10/31,Bolivia,163,10,1765,1399,1400
2017.911704,2017/11/30,Bolivia,280,11,1795,1429,1430
2017.996578,2017/12/31,Bolivia,316,12,1826,1460,1461
2018.081451,2018/1/31,Bolivia,450,1,1857,1491,1492
2018.158111,2018/2/28,Bolivia,851,2,1885,1519,1520
2018.242984,2018/3/31,Bolivia,1202,3,1916,1550,1551
2018.32512,2018/4/30,Bolivia,1150,4,1946,1580,1581
2018.409993,2018/5/31,Bolivia,943,5,1977,1611,1612
2018.492129,2018/6/30,Bolivia,160,6,2007,1641,1642
2018.577002,2018/7/31,Bolivia,135,7,2038,1672,1673
2018.661875,2018/8/31,Bolivia,114,8,2069,1703,1704
2018.744011,2018/9/30,Bolivia,134,9,2099,1733,1734
2018.828884,2018/10/31,Bolivia,276,10,2130,1764,1765
2018.91102,2018/11/30,Bolivia,686,11,2160,1794,1795
2018.995893,2018/12/31,Bolivia,1626,12,2191,1825,1826
2019.080767,2019/1/31,Bolivia,1503,1,2222,1856,1857
2019.157426,2019/2/28,Bolivia,800,2,2250,1884,1885
2019.2423,2019/3/31,Bolivia,1879,3,2281,1915,1916
2019.324435,2019/4/30,Bolivia,1449,4,2311,1945,1946
2019.409309,2019/5/31,Bolivia,1555,5,2342,1976,1977
2019.491444,2019/6/30,Bolivia,958,6,2372,2006,2007
2019.576318,2019/7/31,Bolivia,652,7,2403,2037,2038
2019.661191,2019/8/31,Bolivia,597,8,2434,2068,2069
2019.743326,2019/9/30,Bolivia,603,9,2464,2098,2099
2019.8282,2019/10/31,Bolivia,1185,10,2495,2129,2130
2019.910335,2019/11/30,Bolivia,1489,11,2525,2159,2160
2019.995209,2019/12/31,Bolivia,3075,12,2556,2190,2191
2014.081451,2014/1/31,Brazil,35578,1,396,30,31
2014.158111,2014/2/28,Brazil,49418,2,424,58,59
2014.242984,2014/3/31,Brazil,84961,3,455,89,90
2014.32512,2014/4/30,Brazil,147883,4,485,119,120
2014.409993,2014/5/31,Brazil,113295,5,516,150,151
2014.492129,2014/6/30,Brazil,45152,6,546,180,181
2014.577002,2014/7/31,Brazil,23528,7,577,211,212
2014.661875,2014/8/31,Brazil,15381,8,608,242,243
2014.744011,2014/9/30,Brazil,19817,9,638,272,273
2014.828884,2014/10/31,Brazil,22267,10,669,303,304
2014.91102,2014/11/30,Brazil,22769,11,699,333,334
2014.995893,2014/12/31,Brazil,10959,12,730,364,365
2015.080767,2015/1/31,Brazil,116451,1,761,395,396
2015.157426,2015/2/28,Brazil,221294,2,789,423,424
2015.2423,2015/3/31,Brazil,411530,3,820,454,455
2015.324435,2015/4/30,Brazil,392415,4,850,484,485
2015.409309,2015/5/31,Brazil,213886,5,881,515,516
2015.491444,2015/6/30,Brazil,79546,6,911,545,546
2015.576318,2015/7/31,Brazil,37223,7,942,576,577
2015.661191,2015/8/31,Brazil,24960,8,973,607,608
2015.743326,2015/9/30,Brazil,23336,9,1003,637,638
2015.8282,2015/10/31,Brazil,30677,10,1034,668,669
2015.910335,2015/11/30,Brazil,59189,11,1064,698,699
2015.995209,2015/12/31,Brazil,38506,12,1095,729,730
2016.080082,2016/1/31,Brazil,223253,1,1126,760,761
2016.15948,2016/2/29,Brazil,389734,2,1155,789,790
2016.244353,2016/3/31,Brazil,393778,3,1186,820,821
2016.326489,2016/4/30,Brazil,275121,4,1216,850,851
2016.411362,2016/5/31,Brazil,102524,5,1247,881,882
2016.493498,2016/6/30,Brazil,32941,6,1277,911,912
2016.578371,2016/7/31,Brazil,16376,7,1308,942,943
2016.663244,2016/8/31,Brazil,10937,8,1339,973,974
2016.74538,2016/9/30,Brazil,8838,9,1369,1003,1004
2016.830253,2016/10/31,Brazil,11448,10,1400,1034,1035
2016.912389,2016/11/30,Brazil,2488,11,1430,1064,1065
2016.997262,2016/12/31,Brazil,33091,12,1461,1095,1096
2017.082136,2017/1/31,Brazil,24911,1,1492,1126,1127
2017.158795,2017/2/28,Brazil,30233,2,1520,1154,1155
2017.243669,2017/3/31,Brazil,38058,3,1551,1185,1186
2017.325804,2017/4/30,Brazil,40985,4,1581,1215,1216
2017.410678,2017/5/31,Brazil,35582,5,1612,1246,1247
2017.492813,2017/6/30,Brazil,22773,6,1642,1276,1277
2017.577687,2017/7/31,Brazil,12692,7,1673,1307,1308
2017.66256,2017/8/31,Brazil,8799,8,1704,1338,1339
2017.744695,2017/9/30,Brazil,7301,9,1734,1368,1369
2017.829569,2017/10/31,Brazil,8407,10,1765,1399,1400
2017.911704,2017/11/30,Brazil,9920,11,1795,1429,1430
2017.996578,2017/12/31,Brazil,13317,12,1826,1460,1461
2018.081451,2018/1/31,Brazil,23313,1,1857,1491,1492
2018.158111,2018/2/28,Brazil,19801,2,1885,1519,1520
2018.242984,2018/3/31,Brazil,30907,3,1916,1550,1551
2018.32512,2018/4/30,Brazil,37408,4,1946,1580,1581
2018.409993,2018/5/31,Brazil,39348,5,1977,1611,1612
2018.492129,2018/6/30,Brazil,21951,6,2007,1641,1642
2018.577002,2018/7/31,Brazil,17957,7,2038,1672,1673
2018.661875,2018/8/31,Brazil,9245,8,2069,1703,1704
2018.744011,2018/9/30,Brazil,8688,9,2099,1733,1734
2018.828884,2018/10/31,Brazil,15164,10,2130,1764,1765
2018.91102,2018/11/30,Brazil,18240,11,2160,1794,1795
2018.995893,2018/12/31,Brazil,29536,12,2191,1825,1826
2019.080767,2019/1/31,Brazil,112358,1,2222,1856,1857
2019.157426,2019/2/28,Brazil,205421,2,2250,1884,1885
2019.2423,2019/3/31,Brazil,335725,3,2281,1915,1916
2019.324435,2019/4/30,Brazil,423017,4,2311,1945,1946
2019.409309,2019/5/31,Brazil,544851,5,2342,1976,1977
2019.491444,2019/6/30,Brazil,230315,6,2372,2006,2007
2019.576318,2019/7/31,Brazil,93200,7,2403,2037,2038
2019.661191,2019/8/31,Brazil,53419,8,2434,2068,2069
2019.743326,2019/9/30,Brazil,42059,9,2464,2098,2099
2019.8282,2019/10/31,Brazil,41607,10,2495,2129,2130
2019.910335,2019/11/30,Brazil,46414,11,2525,2159,2160
2019.995209,2019/12/31,Brazil,68324,12,2556,2190,2191
2014.081451,2014/1/31,Cambodia,85,1,396,30,31
2014.158111,2014/2/28,Cambodia,51,2,424,58,59
2014.242984,2014/3/31,Cambodia,85,3,455,89,90
2014.32512,2014/4/30,Cambodia,135,4,485,119,120
2014.409993,2014/5/31,Cambodia,321,5,516,150,151
2014.492129,2014/6/30,Cambodia,457,6,546,180,181
2014.577002,2014/7/31,Cambodia,558,7,577,211,212
2014.661875,2014/8/31,Cambodia,660,8,608,242,243
2014.744011,2014/9/30,Cambodia,423,9,638,272,273
2014.828884,2014/10/31,Cambodia,372,10,669,303,304
2014.91102,2014/11/30,Cambodia,321,11,699,333,334
2014.995893,2014/12/31,Cambodia,254,12,730,364,365
2015.080767,2015/1/31,Cambodia,169,1,761,395,396
2015.157426,2015/2/28,Cambodia,102,2,789,423,424
2015.2423,2015/3/31,Cambodia,135,3,820,454,455
2015.324435,2015/4/30,Cambodia,203,4,850,484,485
2015.409309,2015/5/31,Cambodia,575,5,881,515,516
2015.491444,2015/6/30,Cambodia,1218,6,911,545,546
2015.576318,2015/7/31,Cambodia,2690,7,942,576,577
2015.661191,2015/8/31,Cambodia,3655,8,973,607,608
2015.743326,2015/9/30,Cambodia,2843,9,1003,637,638
2015.8282,2015/10/31,Cambodia,1844,10,1034,668,669
2015.910335,2015/11/30,Cambodia,1269,11,1064,698,699
2015.995209,2015/12/31,Cambodia,795,12,1095,729,730
2016.080082,2016/1/31,Cambodia,525,1,1126,760,761
2016.15948,2016/2/29,Cambodia,321,2,1155,789,790
2016.244353,2016/3/31,Cambodia,389,3,1186,820,821
2016.326489,2016/4/30,Cambodia,338,4,1216,850,851
2016.411362,2016/5/31,Cambodia,457,5,1247,881,882
2016.493498,2016/6/30,Cambodia,1557,6,1277,911,912
2016.578371,2016/7/31,Cambodia,2758,7,1308,942,943
2016.663244,2016/8/31,Cambodia,2843,8,1339,973,974
2016.74538,2016/9/30,Cambodia,1624,9,1369,1003,1004
2016.830253,2016/10/31,Cambodia,1184,10,1400,1034,1035
2016.912389,2016/11/30,Cambodia,643,11,1430,1064,1065
2016.997262,2016/12/31,Cambodia,288,12,1461,1095,1096
2017.082136,2017/1/31,Cambodia,49,1,1492,1126,1127
2017.158795,2017/2/28,Cambodia,46,2,1520,1154,1155
2017.243669,2017/3/31,Cambodia,52,3,1551,1185,1186
2017.325804,2017/4/30,Cambodia,93,4,1581,1215,1216
2017.410678,2017/5/31,Cambodia,164,5,1612,1246,1247
2017.492813,2017/6/30,Cambodia,485,6,1642,1276,1277
2017.577687,2017/7/31,Cambodia,595,7,1673,1307,1308
2017.66256,2017/8/31,Cambodia,560,8,1704,1338,1339
2017.744695,2017/9/30,Cambodia,457,9,1734,1368,1369
2017.829569,2017/10/31,Cambodia,363,10,1765,1399,1400
2017.911704,2017/11/30,Cambodia,177,11,1795,1429,1430
2017.996578,2017/12/31,Cambodia,131,12,1826,1460,1461
2018.081451,2018/1/31,Cambodia,72,1,1857,1491,1492
2018.158111,2018/2/28,Cambodia,80,2,1885,1519,1520
2018.242984,2018/3/31,Cambodia,142,3,1916,1550,1551
2018.32512,2018/4/30,Cambodia,216,4,1946,1580,1581
2018.409993,2018/5/31,Cambodia,601,5,1977,1611,1612
2018.492129,2018/6/30,Cambodia,1488,6,2007,1641,1642
2018.577002,2018/7/31,Cambodia,420,7,2038,1672,1673
2018.661875,2018/8/31,Cambodia,421,8,2069,1703,1704
2018.744011,2018/9/30,Cambodia,1139,9,2099,1733,1734
2018.828884,2018/10/31,Cambodia,984,10,2130,1764,1765
2018.91102,2018/11/30,Cambodia,394,11,2160,1794,1795
2018.995893,2018/12/31,Cambodia,553,12,2191,1825,1826
2019.080767,2019/1/31,Cambodia,1944,1,2222,1856,1857
2019.157426,2019/2/28,Cambodia,1745,2,2250,1884,1885
2019.2423,2019/3/31,Cambodia,2167,3,2281,1915,1916
2019.324435,2019/4/30,Cambodia,3258,4,2311,1945,1946
2019.409309,2019/5/31,Cambodia,822,5,2342,1976,1977
2019.491444,2019/6/30,Cambodia,2490,6,2372,2006,2007
2019.576318,2019/7/31,Cambodia,4467,7,2403,2037,2038
2019.661191,2019/8/31,Cambodia,3105,8,2434,2068,2069
2019.743326,2019/9/30,Cambodia,4588,9,2464,2098,2099
2019.8282,2019/10/31,Cambodia,1801,10,2495,2129,2130
2019.910335,2019/11/30,Cambodia,1404,11,2525,2159,2160
2019.995209,2019/12/31,Cambodia,1149,12,2556,2190,2191
2014.081451,2014/1/31,Colombia,11802,1,396,30,31
2014.158111,2014/2/28,Colombia,7916,2,424,58,59
2014.242984,2014/3/31,Colombia,8142,3,455,89,90
2014.32512,2014/4/30,Colombia,8038,4,485,119,120
2014.409993,2014/5/31,Colombia,8139,5,516,150,151
2014.492129,2014/6/30,Colombia,8310,6,546,180,181
2014.577002,2014/7/31,Colombia,9344,7,577,211,212
2014.661875,2014/8/31,Colombia,7722,8,608,242,243
2014.744011,2014/9/30,Colombia,8964,9,638,272,273
2014.828884,2014/10/31,Colombia,10002,10,669,303,304
2014.91102,2014/11/30,Colombia,8782,11,699,333,334
2014.995893,2014/12/31,Colombia,10580,12,730,364,365
2015.080767,2015/1/31,Colombia,10361,1,761,395,396
2015.157426,2015/2/28,Colombia,8138,2,789,423,424
2015.2423,2015/3/31,Colombia,8345,3,820,454,455
2015.324435,2015/4/30,Colombia,8068,4,850,484,485
2015.409309,2015/5/31,Colombia,7766,5,881,515,516
2015.491444,2015/6/30,Colombia,6560,6,911,545,546
2015.576318,2015/7/31,Colombia,6263,7,942,576,577
2015.661191,2015/8/31,Colombia,6186,8,973,607,608
2015.743326,2015/9/30,Colombia,7277,9,1003,637,638
2015.8282,2015/10/31,Colombia,8539,10,1034,668,669
2015.910335,2015/11/30,Colombia,9728,11,1064,698,699
2015.995209,2015/12/31,Colombia,9212,12,1095,729,730
2016.080082,2016/1/31,Colombia,12403,1,1126,760,761
2016.15948,2016/2/29,Colombia,12584,2,1155,789,790
2016.244353,2016/3/31,Colombia,11319,3,1186,820,821
2016.326489,2016/4/30,Colombia,10946,4,1216,850,851
2016.411362,2016/5/31,Colombia,11827,5,1247,881,882
2016.493498,2016/6/30,Colombia,10117,6,1277,911,912
2016.578371,2016/7/31,Colombia,8047,7,1308,942,943
2016.663244,2016/8/31,Colombia,6600,8,1339,973,974
2016.74538,2016/9/30,Colombia,5055,9,1369,1003,1004
2016.830253,2016/10/31,Colombia,4334,10,1400,1034,1035
2016.912389,2016/11/30,Colombia,4026,11,1430,1064,1065
2016.997262,2016/12/31,Colombia,3756,12,1461,1095,1096
2017.082136,2017/1/31,Colombia,3390,1,1492,1126,1127
2017.158795,2017/2/28,Colombia,2222,2,1520,1154,1155
2017.243669,2017/3/31,Colombia,1971,3,1551,1185,1186
2017.325804,2017/4/30,Colombia,1956,4,1581,1215,1216
2017.410678,2017/5/31,Colombia,2228,5,1612,1246,1247
2017.492813,2017/6/30,Colombia,2000,6,1642,1276,1277
2017.577687,2017/7/31,Colombia,2357,7,1673,1307,1308
2017.66256,2017/8/31,Colombia,2024,8,1704,1338,1339
2017.744695,2017/9/30,Colombia,1834,9,1734,1368,1369
2017.829569,2017/10/31,Colombia,1790,10,1765,1399,1400
2017.911704,2017/11/30,Colombia,1796,11,1795,1429,1430
2017.996578,2017/12/31,Colombia,1904,12,1826,1460,1461
2018.081451,2018/1/31,Colombia,2310,1,1857,1491,1492
2018.158111,2018/2/28,Colombia,1894,2,1885,1519,1520
2018.242984,2018/3/31,Colombia,1759,3,1916,1550,1551
2018.32512,2018/4/30,Colombia,2044,4,1946,1580,1581
2018.409993,2018/5/31,Colombia,3199,5,1977,1611,1612
2018.492129,2018/6/30,Colombia,3859,6,2007,1641,1642
2018.577002,2018/7/31,Colombia,4029,7,2038,1672,1673
2018.661875,2018/8/31,Colombia,3277,8,2069,1703,1704
2018.744011,2018/9/30,Colombia,4887,9,2099,1733,1734
2018.828884,2018/10/31,Colombia,5333,10,2130,1764,1765
2018.91102,2018/11/30,Colombia,6401,11,2160,1794,1795
2018.995893,2018/12/31,Colombia,6475,12,2191,1825,1826
2019.080767,2019/1/31,Colombia,8065,1,2222,1856,1857
2019.157426,2019/2/28,Colombia,3277,2,2250,1884,1885
2019.2423,2019/3/31,Colombia,8506,3,2281,1915,1916
2019.324435,2019/4/30,Colombia,7507,4,2311,1945,1946
2019.409309,2019/5/31,Colombia,12538,5,2342,1976,1977
2019.491444,2019/6/30,Colombia,13806,6,2372,2006,2007
2019.576318,2019/7/31,Colombia,14943,7,2403,2037,2038
2019.661191,2019/8/31,Colombia,10256,8,2434,2068,2069
2019.743326,2019/9/30,Colombia,10543,9,2464,2098,2099
2019.8282,2019/10/31,Colombia,10234,10,2495,2129,2130
2019.910335,2019/11/30,Colombia,11919,11,2525,2159,2160
2019.995209,2019/12/31,Colombia,11283,12,2556,2190,2191
2014.081451,2014/1/31,Costa Rica,1025,1,396,30,31
2014.158111,2014/2/28,Costa Rica,538,2,424,58,59
2014.242984,2014/3/31,Costa Rica,374,3,455,89,90
2014.32512,2014/4/30,Costa Rica,354,4,485,119,120
2014.409993,2014/5/31,Costa Rica,607,5,516,150,151
2014.492129,2014/6/30,Costa Rica,1147,6,546,180,181
2014.577002,2014/7/31,Costa Rica,1541,7,577,211,212
2014.661875,2014/8/31,Costa Rica,1479,8,608,242,243
2014.744011,2014/9/30,Costa Rica,1314,9,638,272,273
2014.828884,2014/10/31,Costa Rica,986,10,669,303,304
2014.91102,2014/11/30,Costa Rica,948,11,699,333,334
2014.995893,2014/12/31,Costa Rica,809,12,730,364,365
2015.080767,2015/1/31,Costa Rica,541,1,761,395,396
2015.157426,2015/2/28,Costa Rica,200,2,789,423,424
2015.2423,2015/3/31,Costa Rica,172,3,820,454,455
2015.324435,2015/4/30,Costa Rica,187,4,850,484,485
2015.409309,2015/5/31,Costa Rica,360,5,881,515,516
2015.491444,2015/6/30,Costa Rica,790,6,911,545,546
2015.576318,2015/7/31,Costa Rica,1264,7,942,576,577
2015.661191,2015/8/31,Costa Rica,1885,8,973,607,608
2015.743326,2015/9/30,Costa Rica,2114,9,1003,637,638
2015.8282,2015/10/31,Costa Rica,3256,10,1034,668,669
2015.910335,2015/11/30,Costa Rica,4070,11,1064,698,699
2015.995209,2015/12/31,Costa Rica,2555,12,1095,729,730
2016.080082,2016/1/31,Costa Rica,3452,1,1126,760,761
2016.15948,2016/2/29,Costa Rica,2005,2,1155,789,790
2016.244353,2016/3/31,Costa Rica,894,3,1186,820,821
2016.326489,2016/4/30,Costa Rica,612,4,1216,850,851
2016.411362,2016/5/31,Costa Rica,1041,5,1247,881,882
2016.493498,2016/6/30,Costa Rica,1979,6,1277,911,912
2016.578371,2016/7/31,Costa Rica,3034,7,1308,942,943
2016.663244,2016/8/31,Costa Rica,3348,8,1339,973,974
2016.74538,2016/9/30,Costa Rica,2433,9,1369,1003,1004
2016.830253,2016/10/31,Costa Rica,1847,10,1400,1034,1035
2016.912389,2016/11/30,Costa Rica,1560,11,1430,1064,1065
2016.997262,2016/12/31,Costa Rica,1112,12,1461,1095,1096
2017.082136,2017/1/31,Costa Rica,638,1,1492,1126,1127
2017.158795,2017/2/28,Costa Rica,273,2,1520,1154,1155
2017.243669,2017/3/31,Costa Rica,266,3,1551,1185,1186
2017.325804,2017/4/30,Costa Rica,227,4,1581,1215,1216
2017.410678,2017/5/31,Costa Rica,413,5,1612,1246,1247
2017.492813,2017/6/30,Costa Rica,730,6,1642,1276,1277
2017.577687,2017/7/31,Costa Rica,997,7,1673,1307,1308
2017.66256,2017/8/31,Costa Rica,750,8,1704,1338,1339
2017.744695,2017/9/30,Costa Rica,520,9,1734,1368,1369
2017.829569,2017/10/31,Costa Rica,446,10,1765,1399,1400
2017.911704,2017/11/30,Costa Rica,289,11,1795,1429,1430
2017.996578,2017/12/31,Costa Rica,102,12,1826,1460,1461
2018.081451,2018/1/31,Costa Rica,174,1,1857,1491,1492
2018.158111,2018/2/28,Costa Rica,175,2,1885,1519,1520
2018.242984,2018/3/31,Costa Rica,129,3,1916,1550,1551
2018.32512,2018/4/30,Costa Rica,176,4,1946,1580,1581
2018.409993,2018/5/31,Costa Rica,197,5,1977,1611,1612
2018.492129,2018/6/30,Costa Rica,283,6,2007,1641,1642
2018.577002,2018/7/31,Costa Rica,335,7,2038,1672,1673
2018.661875,2018/8/31,Costa Rica,258,8,2069,1703,1704
2018.744011,2018/9/30,Costa Rica,247,9,2099,1733,1734
2018.828884,2018/10/31,Costa Rica,279,10,2130,1764,1765
2018.91102,2018/11/30,Costa Rica,304,11,2160,1794,1795
2018.995893,2018/12/31,Costa Rica,200,12,2191,1825,1826
2019.080767,2019/1/31,Costa Rica,155,1,2222,1856,1857
2019.157426,2019/2/28,Costa Rica,27,2,2250,1884,1885
2019.2423,2019/3/31,Costa Rica,208,3,2281,1915,1916
2019.324435,2019/4/30,Costa Rica,195,4,2311,1945,1946
2019.409309,2019/5/31,Costa Rica,549,5,2342,1976,1977
2019.491444,2019/6/30,Costa Rica,921,6,2372,2006,2007
2019.576318,2019/7/31,Costa Rica,1252,7,2403,2037,2038
2019.661191,2019/8/31,Costa Rica,1514,8,2434,2068,2069
2019.743326,2019/9/30,Costa Rica,1402,9,2464,2098,2099
2019.8282,2019/10/31,Costa Rica,1358,10,2495,2129,2130
2019.910335,2019/11/30,Costa Rica,1104,11,2525,2159,2160
2019.995209,2019/12/31,Costa Rica,626,12,2556,2190,2191
2014.081451,2014/1/31,Dominican Republic,942,1,396,30,31
2014.158111,2014/2/28,Dominican Republic,538,2,424,58,59
2014.242984,2014/3/31,Dominican Republic,516,3,455,89,90
2014.32512,2014/4/30,Dominican Republic,425,4,485,119,120
2014.409993,2014/5/31,Dominican Republic,633,5,516,150,151
2014.492129,2014/6/30,Dominican Republic,634,6,546,180,181
2014.577002,2014/7/31,Dominican Republic,470,7,577,211,212
2014.661875,2014/8/31,Dominican Republic,283,8,608,242,243
2014.744011,2014/9/30,Dominican Republic,355,9,638,272,273
2014.828884,2014/10/31,Dominican Republic,608,10,669,303,304
2014.91102,2014/11/30,Dominican Republic,444,11,699,333,334
2014.995893,2014/12/31,Dominican Republic,420,12,730,364,365
2015.080767,2015/1/31,Dominican Republic,331,1,761,395,396
2015.157426,2015/2/28,Dominican Republic,370,2,789,423,424
2015.2423,2015/3/31,Dominican Republic,389,3,820,454,455
2015.324435,2015/4/30,Dominican Republic,433,4,850,484,485
2015.409309,2015/5/31,Dominican Republic,526,5,881,515,516
2015.491444,2015/6/30,Dominican Republic,611,6,911,545,546
2015.576318,2015/7/31,Dominican Republic,1105,7,942,576,577
2015.661191,2015/8/31,Dominican Republic,1597,8,973,607,608
2015.743326,2015/9/30,Dominican Republic,2698,9,1003,637,638
2015.8282,2015/10/31,Dominican Republic,4163,10,1034,668,669
2015.910335,2015/11/30,Dominican Republic,3150,11,1064,698,699
2015.995209,2015/12/31,Dominican Republic,1677,12,1095,729,730
2016.080082,2016/1/31,Dominican Republic,1383,1,1126,760,761
2016.15948,2016/2/29,Dominican Republic,1178,2,1155,789,790
2016.244353,2016/3/31,Dominican Republic,683,3,1186,820,821
2016.326489,2016/4/30,Dominican Republic,930,4,1216,850,851
2016.411362,2016/5/31,Dominican Republic,437,5,1247,881,882
2016.493498,2016/6/30,Dominican Republic,624,6,1277,911,912
2016.578371,2016/7/31,Dominican Republic,427,7,1308,942,943
2016.663244,2016/8/31,Dominican Republic,252,8,1339,973,974
2016.74538,2016/9/30,Dominican Republic,193,9,1369,1003,1004
2016.830253,2016/10/31,Dominican Republic,205,10,1400,1034,1035
2016.912389,2016/11/30,Dominican Republic,164,11,1430,1064,1065
2016.997262,2016/12/31,Dominican Republic,168,12,1461,1095,1096
2017.082136,2017/1/31,Dominican Republic,91,1,1492,1126,1127
2017.158795,2017/2/28,Dominican Republic,62,2,1520,1154,1155
2017.243669,2017/3/31,Dominican Republic,84,3,1551,1185,1186
2017.325804,2017/4/30,Dominican Republic,82,4,1581,1215,1216
2017.410678,2017/5/31,Dominican Republic,151,5,1612,1246,1247
2017.492813,2017/6/30,Dominican Republic,132,6,1642,1276,1277
2017.577687,2017/7/31,Dominican Republic,155,7,1673,1307,1308
2017.66256,2017/8/31,Dominican Republic,124,8,1704,1338,1339
2017.744695,2017/9/30,Dominican Republic,143,9,1734,1368,1369
2017.829569,2017/10/31,Dominican Republic,161,10,1765,1399,1400
2017.911704,2017/11/30,Dominican Republic,113,11,1795,1429,1430
2017.996578,2017/12/31,Dominican Republic,77,12,1826,1460,1461
2018.081451,2018/1/31,Dominican Republic,67,1,1857,1491,1492
2018.158111,2018/2/28,Dominican Republic,101,2,1885,1519,1520
2018.242984,2018/3/31,Dominican Republic,145,3,1916,1550,1551
2018.32512,2018/4/30,Dominican Republic,106,4,1946,1580,1581
2018.409993,2018/5/31,Dominican Republic,79,5,1977,1611,1612
2018.492129,2018/6/30,Dominican Republic,72,6,2007,1641,1642
2018.577002,2018/7/31,Dominican Republic,82,7,2038,1672,1673
2018.661875,2018/8/31,Dominican Republic,83,8,2069,1703,1704
2018.744011,2018/9/30,Dominican Republic,128,9,2099,1733,1734
2018.828884,2018/10/31,Dominican Republic,184,10,2130,1764,1765
2018.91102,2018/11/30,Dominican Republic,264,11,2160,1794,1795
2018.995893,2018/12/31,Dominican Republic,267,12,2191,1825,1826
2019.080767,2019/1/31,Dominican Republic,289,1,2222,1856,1857
2019.157426,2019/2/28,Dominican Republic,396,2,2250,1884,1885
2019.2423,2019/3/31,Dominican Republic,592,3,2281,1915,1916
2019.324435,2019/4/30,Dominican Republic,472,4,2311,1945,1946
2019.409309,2019/5/31,Dominican Republic,795,5,2342,1976,1977
2019.491444,2019/6/30,Dominican Republic,1205,6,2372,2006,2007
2019.576318,2019/7/31,Dominican Republic,3058,7,2403,2037,2038
2019.661191,2019/8/31,Dominican Republic,3715,8,2434,2068,2069
2019.743326,2019/9/30,Dominican Republic,3000,9,2464,2098,2099
2019.8282,2019/10/31,Dominican Republic,2610,10,2495,2129,2130
2019.910335,2019/11/30,Dominican Republic,2315,11,2525,2159,2160
2019.995209,2019/12/31,Dominican Republic,1810,12,2556,2190,2191
2014.081451,2014/1/31,Ecuador,836,1,396,30,31
2014.158111,2014/2/28,Ecuador,958,2,424,58,59
2014.242984,2014/3/31,Ecuador,1469,3,455,89,90
2014.32512,2014/4/30,Ecuador,2134,4,485,119,120
2014.409993,2014/5/31,Ecuador,2208,5,516,150,151
2014.492129,2014/6/30,Ecuador,2442,6,546,180,181
2014.577002,2014/7/31,Ecuador,2252,7,577,211,212
2014.661875,2014/8/31,Ecuador,1235,8,608,242,243
2014.744011,2014/9/30,Ecuador,570,9,638,272,273
2014.828884,2014/10/31,Ecuador,532,10,669,303,304
2014.91102,2014/11/30,Ecuador,384,11,699,333,334
2014.995893,2014/12/31,Ecuador,424,12,730,364,365
2015.080767,2015/1/31,Ecuador,956,1,761,395,396
2015.157426,2015/2/28,Ecuador,1423,2,789,423,424
2015.2423,2015/3/31,Ecuador,4575,3,820,454,455
2015.324435,2015/4/30,Ecuador,8982,4,850,484,485
2015.409309,2015/5/31,Ecuador,12561,5,881,515,516
2015.491444,2015/6/30,Ecuador,7771,6,911,545,546
2015.576318,2015/7/31,Ecuador,3546,7,942,576,577
2015.661191,2015/8/31,Ecuador,920,8,973,607,608
2015.743326,2015/9/30,Ecuador,565,9,1003,637,638
2015.8282,2015/10/31,Ecuador,413,10,1034,668,669
2015.910335,2015/11/30,Ecuador,381,11,1064,698,699
2015.995209,2015/12/31,Ecuador,408,12,1095,729,730
2016.080082,2016/1/31,Ecuador,1414,1,1126,760,761
2016.15948,2016/2/29,Ecuador,1874,2,1155,789,790
2016.244353,2016/3/31,Ecuador,1794,3,1186,820,821
2016.326489,2016/4/30,Ecuador,1443,4,1216,850,851
2016.411362,2016/5/31,Ecuador,1917,5,1247,881,882
2016.493498,2016/6/30,Ecuador,1875,6,1277,911,912
2016.578371,2016/7/31,Ecuador,1252,7,1308,942,943
2016.663244,2016/8/31,Ecuador,707,8,1339,973,974
2016.74538,2016/9/30,Ecuador,487,9,1369,1003,1004
2016.830253,2016/10/31,Ecuador,371,10,1400,1034,1035
2016.912389,2016/11/30,Ecuador,312,11,1430,1064,1065
2016.997262,2016/12/31,Ecuador,167,12,1461,1095,1096
2017.082136,2017/1/31,Ecuador,651,1,1492,1126,1127
2017.158795,2017/2/28,Ecuador,1183,2,1520,1154,1155
2017.243669,2017/3/31,Ecuador,2014,3,1551,1185,1186
2017.325804,2017/4/30,Ecuador,2297,4,1581,1215,1216
2017.410678,2017/5/31,Ecuador,2016,5,1612,1246,1247
2017.492813,2017/6/30,Ecuador,1187,6,1642,1276,1277
2017.577687,2017/7/31,Ecuador,726,7,1673,1307,1308
2017.66256,2017/8/31,Ecuador,385,8,1704,1338,1339
2017.744695,2017/9/30,Ecuador,415,9,1734,1368,1369
2017.829569,2017/10/31,Ecuador,180,10,1765,1399,1400
2017.911704,2017/11/30,Ecuador,214,11,1795,1429,1430
2017.996578,2017/12/31,Ecuador,165,12,1826,1460,1461
2018.081451,2018/1/31,Ecuador,442,1,1857,1491,1492
2018.158111,2018/2/28,Ecuador,423,2,1885,1519,1520
2018.242984,2018/3/31,Ecuador,350,3,1916,1550,1551
2018.32512,2018/4/30,Ecuador,298,4,1946,1580,1581
2018.409993,2018/5/31,Ecuador,264,5,1977,1611,1612
2018.492129,2018/6/30,Ecuador,263,6,2007,1641,1642
2018.577002,2018/7/31,Ecuador,284,7,2038,1672,1673
2018.661875,2018/8/31,Ecuador,162,8,2069,1703,1704
2018.744011,2018/9/30,Ecuador,184,9,2099,1733,1734
2018.828884,2018/10/31,Ecuador,140,10,2130,1764,1765
2018.91102,2018/11/30,Ecuador,141,11,2160,1794,1795
2018.995893,2018/12/31,Ecuador,212,12,2191,1825,1826
2019.080767,2019/1/31,Ecuador,452,1,2222,1856,1857
2019.157426,2019/2/28,Ecuador,447,2,2250,1884,1885
2019.2423,2019/3/31,Ecuador,694,3,2281,1915,1916
2019.324435,2019/4/30,Ecuador,609,4,2311,1945,1946
2019.409309,2019/5/31,Ecuador,1069,5,2342,1976,1977
2019.491444,2019/6/30,Ecuador,1154,6,2372,2006,2007
2019.576318,2019/7/31,Ecuador,987,7,2403,2037,2038
2019.661191,2019/8/31,Ecuador,644,8,2434,2068,2069
2019.743326,2019/9/30,Ecuador,518,9,2464,2098,2099
2019.8282,2019/10/31,Ecuador,473,10,2495,2129,2130
2019.910335,2019/11/30,Ecuador,608,11,2525,2159,2160
2019.995209,2019/12/31,Ecuador,762,12,2556,2190,2191
2014.081451,2014/1/31,El Salvador,1785,1,396,30,31
2014.158111,2014/2/28,El Salvador,1642,2,424,58,59
2014.242984,2014/3/31,El Salvador,2398,3,455,89,90
2014.32512,2014/4/30,El Salvador,2501,4,485,119,120
2014.409993,2014/5/31,El Salvador,3503,5,516,150,151
2014.492129,2014/6/30,El Salvador,5812,6,546,180,181
2014.577002,2014/7/31,El Salvador,7467,7,577,211,212
2014.661875,2014/8/31,El Salvador,13509,8,608,242,243
2014.744011,2014/9/30,El Salvador,9677,9,638,272,273
2014.828884,2014/10/31,El Salvador,5068,10,669,303,304
2014.91102,2014/11/30,El Salvador,1871,11,699,333,334
2014.995893,2014/12/31,El Salvador,945,12,730,364,365
2015.080767,2015/1/31,El Salvador,1368,1,761,395,396
2015.157426,2015/2/28,El Salvador,313,2,789,423,424
2015.2423,2015/3/31,El Salvador,819,3,820,454,455
2015.324435,2015/4/30,El Salvador,1202,4,850,484,485
2015.409309,2015/5/31,El Salvador,2187,5,881,515,516
2015.491444,2015/6/30,El Salvador,4153,6,911,545,546
2015.576318,2015/7/31,El Salvador,7047,7,942,576,577
2015.661191,2015/8/31,El Salvador,9301,8,973,607,608
2015.743326,2015/9/30,El Salvador,8592,9,1003,637,638
2015.8282,2015/10/31,El Salvador,7716,10,1034,668,669
2015.910335,2015/11/30,El Salvador,5700,11,1064,698,699
2015.995209,2015/12/31,El Salvador,1772,12,1095,729,730
2016.080082,2016/1/31,El Salvador,1496,1,1126,760,761
2016.15948,2016/2/29,El Salvador,900,2,1155,789,790
2016.244353,2016/3/31,El Salvador,772,3,1186,820,821
2016.326489,2016/4/30,El Salvador,969,4,1216,850,851
2016.411362,2016/5/31,El Salvador,1125,5,1247,881,882
2016.493498,2016/6/30,El Salvador,745,6,1277,911,912
2016.578371,2016/7/31,El Salvador,421,7,1308,942,943
2016.663244,2016/8/31,El Salvador,579,8,1339,973,974
2016.74538,2016/9/30,El Salvador,551,9,1369,1003,1004
2016.830253,2016/10/31,El Salvador,561,10,1400,1034,1035
2016.912389,2016/11/30,El Salvador,426,11,1430,1064,1065
2016.997262,2016/12/31,El Salvador,245,12,1461,1095,1096
2017.082136,2017/1/31,El Salvador,278,1,1492,1126,1127
2017.158795,2017/2/28,El Salvador,292,2,1520,1154,1155
2017.243669,2017/3/31,El Salvador,359,3,1551,1185,1186
2017.325804,2017/4/30,El Salvador,270,4,1581,1215,1216
2017.410678,2017/5/31,El Salvador,389,5,1612,1246,1247
2017.492813,2017/6/30,El Salvador,560,6,1642,1276,1277
2017.577687,2017/7/31,El Salvador,298,7,1673,1307,1308
2017.66256,2017/8/31,El Salvador,375,8,1704,1338,1339
2017.744695,2017/9/30,El Salvador,414,9,1734,1368,1369
2017.829569,2017/10/31,El Salvador,503,10,1765,1399,1400
2017.911704,2017/11/30,El Salvador,352,11,1795,1429,1430
2017.996578,2017/12/31,El Salvador,238,12,1826,1460,1461
2018.081451,2018/1/31,El Salvador,277,1,1857,1491,1492
2018.158111,2018/2/28,El Salvador,367,2,1885,1519,1520
2018.242984,2018/3/31,El Salvador,304,3,1916,1550,1551
2018.32512,2018/4/30,El Salvador,355,4,1946,1580,1581
2018.409993,2018/5/31,El Salvador,489,5,1977,1611,1612
2018.492129,2018/6/30,El Salvador,657,6,2007,1641,1642
2018.577002,2018/7/31,El Salvador,883,7,2038,1672,1673
2018.661875,2018/8/31,El Salvador,924,8,2069,1703,1704
2018.744011,2018/9/30,El Salvador,1717,9,2099,1733,1734
2018.828884,2018/10/31,El Salvador,1097,10,2130,1764,1765
2018.91102,2018/11/30,El Salvador,920,11,2160,1794,1795
2018.995893,2018/12/31,El Salvador,512,12,2191,1825,1826
2019.080767,2019/1/31,El Salvador,634,1,2222,1856,1857
2019.157426,2019/2/28,El Salvador,627,2,2250,1884,1885
2019.2423,2019/3/31,El Salvador,752,3,2281,1915,1916
2019.324435,2019/4/30,El Salvador,532,4,2311,1945,1946
2019.409309,2019/5/31,El Salvador,1067,5,2342,1976,1977
2019.491444,2019/6/30,El Salvador,2065,6,2372,2006,2007
2019.576318,2019/7/31,El Salvador,4773,7,2403,2037,2038
2019.661191,2019/8/31,El Salvador,5981,8,2434,2068,2069
2019.743326,2019/9/30,El Salvador,5093,9,2464,2098,2099
2019.8282,2019/10/31,El Salvador,3412,10,2495,2129,2130
2019.910335,2019/11/30,El Salvador,1597,11,2525,2159,2160
2019.995209,2019/12/31,El Salvador,911,12,2556,2190,2191
2014.081451,2014/1/31,Guatemala,227,1,396,30,31
2014.158111,2014/2/28,Guatemala,532,2,424,58,59
2014.242984,2014/3/31,Guatemala,548,3,455,89,90
2014.32512,2014/4/30,Guatemala,500,4,485,119,120
2014.409993,2014/5/31,Guatemala,743,5,516,150,151
2014.492129,2014/6/30,Guatemala,1107,6,546,180,181
2014.577002,2014/7/31,Guatemala,1485,7,577,211,212
2014.661875,2014/8/31,Guatemala,1583,8,608,242,243
2014.744011,2014/9/30,Guatemala,2964,9,638,272,273
2014.828884,2014/10/31,Guatemala,3293,10,669,303,304
2014.91102,2014/11/30,Guatemala,3851,11,699,333,334
2014.995893,2014/12/31,Guatemala,2858,12,730,364,365
2015.080767,2015/1/31,Guatemala,1040,1,761,395,396
2015.157426,2015/2/28,Guatemala,491,2,789,423,424
2015.2423,2015/3/31,Guatemala,849,3,820,454,455
2015.324435,2015/4/30,Guatemala,794,4,850,484,485
2015.409309,2015/5/31,Guatemala,1039,5,881,515,516
2015.491444,2015/6/30,Guatemala,4300,6,911,545,546
2015.576318,2015/7/31,Guatemala,1044,7,942,576,577
2015.661191,2015/8/31,Guatemala,2724,8,973,607,608
2015.743326,2015/9/30,Guatemala,2790,9,1003,637,638
2015.8282,2015/10/31,Guatemala,2856,10,1034,668,669
2015.910335,2015/11/30,Guatemala,862,11,1064,698,699
2015.995209,2015/12/31,Guatemala,2060,12,1095,729,730
2016.080082,2016/1/31,Guatemala,606,1,1126,760,761
2016.15948,2016/2/29,Guatemala,572,2,1155,789,790
2016.244353,2016/3/31,Guatemala,708,3,1186,820,821
2016.326489,2016/4/30,Guatemala,266,4,1216,850,851
2016.411362,2016/5/31,Guatemala,571,5,1247,881,882
2016.493498,2016/6/30,Guatemala,834,6,1277,911,912
2016.578371,2016/7/31,Guatemala,1155,7,1308,942,943
2016.663244,2016/8/31,Guatemala,1526,8,1339,973,974
2016.74538,2016/9/30,Guatemala,940,9,1369,1003,1004
2016.830253,2016/10/31,Guatemala,743,10,1400,1034,1035
2016.912389,2016/11/30,Guatemala,659,11,1430,1064,1065
2016.997262,2016/12/31,Guatemala,262,12,1461,1095,1096
2017.082136,2017/1/31,Guatemala,162,1,1492,1126,1127
2017.158795,2017/2/28,Guatemala,294,2,1520,1154,1155
2017.243669,2017/3/31,Guatemala,123,3,1551,1185,1186
2017.325804,2017/4/30,Guatemala,299,4,1581,1215,1216
2017.410678,2017/5/31,Guatemala,354,5,1612,1246,1247
2017.492813,2017/6/30,Guatemala,340,6,1642,1276,1277
2017.577687,2017/7/31,Guatemala,440,7,1673,1307,1308
2017.66256,2017/8/31,Guatemala,598,8,1704,1338,1339
2017.744695,2017/9/30,Guatemala,619,9,1734,1368,1369
2017.829569,2017/10/31,Guatemala,549,10,1765,1399,1400
2017.911704,2017/11/30,Guatemala,365,11,1795,1429,1430
2017.996578,2017/12/31,Guatemala,217,12,1826,1460,1461
2018.081451,2018/1/31,Guatemala,353,1,1857,1491,1492
2018.158111,2018/2/28,Guatemala,331,2,1885,1519,1520
2018.242984,2018/3/31,Guatemala,290,3,1916,1550,1551
2018.32512,2018/4/30,Guatemala,451,4,1946,1580,1581
2018.409993,2018/5/31,Guatemala,557,5,1977,1611,1612
2018.492129,2018/6/30,Guatemala,681,6,2007,1641,1642
2018.577002,2018/7/31,Guatemala,957,7,2038,1672,1673
2018.661875,2018/8/31,Guatemala,752,8,2069,1703,1704
2018.744011,2018/9/30,Guatemala,1000,9,2099,1733,1734
2018.828884,2018/10/31,Guatemala,679,10,2130,1764,1765
2018.91102,2018/11/30,Guatemala,504,11,2160,1794,1795
2018.995893,2018/12/31,Guatemala,330,12,2191,1825,1826
2019.080767,2019/1/31,Guatemala,767,1,2222,1856,1857
2019.157426,2019/2/28,Guatemala,645,2,2250,1884,1885
2019.2423,2019/3/31,Guatemala,675,3,2281,1915,1916
2019.324435,2019/4/30,Guatemala,647,4,2311,1945,1946
2019.409309,2019/5/31,Guatemala,1430,5,2342,1976,1977
2019.491444,2019/6/30,Guatemala,2743,6,2372,2006,2007
2019.576318,2019/7/31,Guatemala,8614,7,2403,2037,2038
2019.661191,2019/8/31,Guatemala,13063,8,2434,2068,2069
2019.743326,2019/9/30,Guatemala,9344,9,2464,2098,2099
2019.8282,2019/10/31,Guatemala,6682,10,2495,2129,2130
2019.910335,2019/11/30,Guatemala,3816,11,2525,2159,2160
2019.995209,2019/12/31,Guatemala,2018,12,2556,2190,2191
2014.081451,2014/1/31,Honduras,732,1,396,30,31
2014.158111,2014/2/28,Honduras,643,2,424,58,59
2014.242984,2014/3/31,Honduras,964,3,455,89,90
2014.32512,2014/4/30,Honduras,831,4,485,119,120
2014.409993,2014/5/31,Honduras,1485,5,516,150,151
2014.492129,2014/6/30,Honduras,2945,6,546,180,181
2014.577002,2014/7/31,Honduras,5201,7,577,211,212
2014.661875,2014/8/31,Honduras,5572,8,608,242,243
2014.744011,2014/9/30,Honduras,5091,9,638,272,273
2014.828884,2014/10/31,Honduras,9167,10,669,303,304
2014.91102,2014/11/30,Honduras,7332,11,699,333,334
2014.995893,2014/12/31,Honduras,2997,12,730,364,365
2015.080767,2015/1/31,Honduras,4302,1,761,395,396
2015.157426,2015/2/28,Honduras,3024,2,789,423,424
2015.2423,2015/3/31,Honduras,2783,3,820,454,455
2015.324435,2015/4/30,Honduras,5123,4,850,484,485
2015.409309,2015/5/31,Honduras,5683,5,881,515,516
2015.491444,2015/6/30,Honduras,8343,6,911,545,546
2015.576318,2015/7/31,Honduras,5154,7,942,576,577
2015.661191,2015/8/31,Honduras,3162,8,973,607,608
2015.743326,2015/9/30,Honduras,1475,9,1003,637,638
2015.8282,2015/10/31,Honduras,1701,10,1034,668,669
2015.910335,2015/11/30,Honduras,2074,11,1064,698,699
2015.995209,2015/12/31,Honduras,2010,12,1095,729,730
2016.080082,2016/1/31,Honduras,3071,1,1126,760,761
2016.15948,2016/2/29,Honduras,2134,2,1155,789,790
2016.244353,2016/3/31,Honduras,1833,3,1186,820,821
2016.326489,2016/4/30,Honduras,2478,4,1216,850,851
2016.411362,2016/5/31,Honduras,2755,5,1247,881,882
2016.493498,2016/6/30,Honduras,3152,6,1277,911,912
2016.578371,2016/7/31,Honduras,2348,7,1308,942,943
2016.663244,2016/8/31,Honduras,1109,8,1339,973,974
2016.74538,2016/9/30,Honduras,1439,9,1369,1003,1004
2016.830253,2016/10/31,Honduras,1337,10,1400,1034,1035
2016.912389,2016/11/30,Honduras,693,11,1430,1064,1065
2016.997262,2016/12/31,Honduras,610,12,1461,1095,1096
2017.082136,2017/1/31,Honduras,499,1,1492,1126,1127
2017.158795,2017/2/28,Honduras,397,2,1520,1154,1155
2017.243669,2017/3/31,Honduras,385,3,1551,1185,1186
2017.325804,2017/4/30,Honduras,394,4,1581,1215,1216
2017.410678,2017/5/31,Honduras,559,5,1612,1246,1247
2017.492813,2017/6/30,Honduras,853,6,1642,1276,1277
2017.577687,2017/7/31,Honduras,648,7,1673,1307,1308
2017.66256,2017/8/31,Honduras,474,8,1704,1338,1339
2017.744695,2017/9/30,Honduras,331,9,1734,1368,1369
2017.829569,2017/10/31,Honduras,325,10,1765,1399,1400
2017.911704,2017/11/30,Honduras,191,11,1795,1429,1430
2017.996578,2017/12/31,Honduras,198,12,1826,1460,1461
2018.081451,2018/1/31,Honduras,233,1,1857,1491,1492
2018.158111,2018/2/28,Honduras,430,2,1885,1519,1520
2018.242984,2018/3/31,Honduras,738,3,1916,1550,1551
2018.32512,2018/4/30,Honduras,973,4,1946,1580,1581
2018.409993,2018/5/31,Honduras,877,5,1977,1611,1612
2018.492129,2018/6/30,Honduras,793,6,2007,1641,1642
2018.577002,2018/7/31,Honduras,493,7,2038,1672,1673
2018.661875,2018/8/31,Honduras,315,8,2069,1703,1704
2018.744011,2018/9/30,Honduras,571,9,2099,1733,1734
2018.828884,2018/10/31,Honduras,675,10,2130,1764,1765
2018.91102,2018/11/30,Honduras,964,11,2160,1794,1795
2018.995893,2018/12/31,Honduras,986,12,2191,1825,1826
2019.080767,2019/1/31,Honduras,1513,1,2222,1856,1857
2019.157426,2019/2/28,Honduras,1916,2,2250,1884,1885
2019.2423,2019/3/31,Honduras,3261,3,2281,1915,1916
2019.324435,2019/4/30,Honduras,1769,4,2311,1945,1946
2019.409309,2019/5/31,Honduras,4467,5,2342,1976,1977
2019.491444,2019/6/30,Honduras,11948,6,2372,2006,2007
2019.576318,2019/7/31,Honduras,20557,7,2403,2037,2038
2019.661191,2019/8/31,Honduras,24883,8,2434,2068,2069
2019.743326,2019/9/30,Honduras,14009,9,2464,2098,2099
2019.8282,2019/10/31,Honduras,10493,10,2495,2129,2130
2019.910335,2019/11/30,Honduras,9794,11,2525,2159,2160
2019.995209,2019/12/31,Honduras,8313,12,2556,2190,2191
2014.081451,2014/1/31,Jamaica,32,1,396,30,31
2014.158111,2014/2/28,Jamaica,17,2,424,58,59
2014.242984,2014/3/31,Jamaica,14,3,455,89,90
2014.32512,2014/4/30,Jamaica,12,4,485,119,120
2014.409993,2014/5/31,Jamaica,14,5,516,150,151
2014.492129,2014/6/30,Jamaica,15,6,546,180,181
2014.577002,2014/7/31,Jamaica,23,7,577,211,212
2014.661875,2014/8/31,Jamaica,58,8,608,242,243
2014.744011,2014/9/30,Jamaica,152,9,638,272,273
2014.828884,2014/10/31,Jamaica,275,10,669,303,304
2014.91102,2014/11/30,Jamaica,190,11,699,333,334
2014.995893,2014/12/31,Jamaica,74,12,730,364,365
2015.080767,2015/1/31,Jamaica,5,1,761,395,396
2015.157426,2015/2/28,Jamaica,10,2,789,423,424
2015.2423,2015/3/31,Jamaica,8,3,820,454,455
2015.324435,2015/4/30,Jamaica,6,4,850,484,485
2015.409309,2015/5/31,Jamaica,1,5,881,515,516
2015.491444,2015/6/30,Jamaica,4,6,911,545,546
2015.576318,2015/7/31,Jamaica,3,7,942,576,577
2015.661191,2015/8/31,Jamaica,4,8,973,607,608
2015.743326,2015/9/30,Jamaica,19,9,1003,637,638
2015.8282,2015/10/31,Jamaica,1,10,1034,668,669
2015.910335,2015/11/30,Jamaica,13,11,1064,698,699
2015.995209,2015/12/31,Jamaica,22,12,1095,729,730
2016.080082,2016/1/31,Jamaica,40,1,1126,760,761
2016.15948,2016/2/29,Jamaica,265,2,1155,789,790
2016.244353,2016/3/31,Jamaica,163,3,1186,820,821
2016.326489,2016/4/30,Jamaica,81,4,1216,850,851
2016.411362,2016/5/31,Jamaica,218,5,1247,881,882
2016.493498,2016/6/30,Jamaica,188,6,1277,911,912
2016.578371,2016/7/31,Jamaica,429,7,1308,942,943
2016.663244,2016/8/31,Jamaica,185,8,1339,973,974
2016.74538,2016/9/30,Jamaica,255,9,1369,1003,1004
2016.830253,2016/10/31,Jamaica,350,10,1400,1034,1035
2016.912389,2016/11/30,Jamaica,444,11,1430,1064,1065
2016.997262,2016/12/31,Jamaica,28,12,1461,1095,1096
2017.082136,2017/1/31,Jamaica,10,1,1492,1126,1127
2017.158795,2017/2/28,Jamaica,9,2,1520,1154,1155
2017.243669,2017/3/31,Jamaica,4,3,1551,1185,1186
2017.325804,2017/4/30,Jamaica,8,4,1581,1215,1216
2017.410678,2017/5/31,Jamaica,12,5,1612,1246,1247
2017.492813,2017/6/30,Jamaica,14,6,1642,1276,1277
2017.577687,2017/7/31,Jamaica,13,7,1673,1307,1308
2017.66256,2017/8/31,Jamaica,4,8,1704,1338,1339
2017.744695,2017/9/30,Jamaica,2,9,1734,1368,1369
2017.829569,2017/10/31,Jamaica,0,10,1765,1399,1400
2017.911704,2017/11/30,Jamaica,0,11,1795,1429,1430
2017.996578,2017/12/31,Jamaica,145,12,1826,1460,1461
2018.081451,2018/1/31,Jamaica,23,1,1857,1491,1492
2018.158111,2018/2/28,Jamaica,23,2,1885,1519,1520
2018.242984,2018/3/31,Jamaica,45,3,1916,1550,1551
2018.32512,2018/4/30,Jamaica,19,4,1946,1580,1581
2018.409993,2018/5/31,Jamaica,11,5,1977,1611,1612
2018.492129,2018/6/30,Jamaica,28,6,2007,1641,1642
2018.577002,2018/7/31,Jamaica,20,7,2038,1672,1673
2018.661875,2018/8/31,Jamaica,31,8,2069,1703,1704
2018.744011,2018/9/30,Jamaica,82,9,2099,1733,1734
2018.828884,2018/10/31,Jamaica,77,10,2130,1764,1765
2018.91102,2018/11/30,Jamaica,234,11,2160,1794,1795
2018.995893,2018/12/31,Jamaica,442,12,2191,1825,1826
2019.080767,2019/1/31,Jamaica,1960,1,2222,1856,1857
2019.157426,2019/2/28,Jamaica,1086,2,2250,1884,1885
2019.2423,2019/3/31,Jamaica,321,3,2281,1915,1916
2019.324435,2019/4/30,Jamaica,74,4,2311,1945,1946
2019.409309,2019/5/31,Jamaica,63,5,2342,1976,1977
2019.491444,2019/6/30,Jamaica,154,6,2372,2006,2007
2019.576318,2019/7/31,Jamaica,253,7,2403,2037,2038
2019.661191,2019/8/31,Jamaica,464,8,2434,2068,2069
2019.743326,2019/9/30,Jamaica,1046,9,2464,2098,2099
2019.8282,2019/10/31,Jamaica,1084,10,2495,2129,2130
2019.910335,2019/11/30,Jamaica,241,11,2525,2159,2160
2019.995209,2019/12/31,Jamaica,777,12,2556,2190,2191
2014.081451,2014/1/31,Laos,68,1,396,30,31
2014.158111,2014/2/28,Laos,105,2,424,58,59
2014.242984,2014/3/31,Laos,184,3,455,89,90
2014.32512,2014/4/30,Laos,120,4,485,119,120
2014.409993,2014/5/31,Laos,232,5,516,150,151
2014.492129,2014/6/30,Laos,210,6,546,180,181
2014.577002,2014/7/31,Laos,216,7,577,211,212
2014.661875,2014/8/31,Laos,205,8,608,242,243
2014.744011,2014/9/30,Laos,184,9,638,272,273
2014.828884,2014/10/31,Laos,90,10,669,303,304
2014.91102,2014/11/30,Laos,78,11,699,333,334
2014.995893,2014/12/31,Laos,30,12,730,364,365
2015.080767,2015/1/31,Laos,21,1,761,395,396
2015.157426,2015/2/28,Laos,56,2,789,423,424
2015.2423,2015/3/31,Laos,45,3,820,454,455
2015.324435,2015/4/30,Laos,78,4,850,484,485
2015.409309,2015/5/31,Laos,59,5,881,515,516
2015.491444,2015/6/30,Laos,231,6,911,545,546
2015.576318,2015/7/31,Laos,251,7,942,576,577
2015.661191,2015/8/31,Laos,314,8,973,607,608
2015.743326,2015/9/30,Laos,259,9,1003,637,638
2015.8282,2015/10/31,Laos,285,10,1034,668,669
2015.910335,2015/11/30,Laos,176,11,1064,698,699
2015.995209,2015/12/31,Laos,175,12,1095,729,730
2016.080082,2016/1/31,Laos,96,1,1126,760,761
2016.15948,2016/2/29,Laos,82,2,1155,789,790
2016.244353,2016/3/31,Laos,59,3,1186,820,821
2016.326489,2016/4/30,Laos,105,4,1216,850,851
2016.411362,2016/5/31,Laos,398,5,1247,881,882
2016.493498,2016/6/30,Laos,690,6,1277,911,912
2016.578371,2016/7/31,Laos,835,7,1308,942,943
2016.663244,2016/8/31,Laos,754,8,1339,973,974
2016.74538,2016/9/30,Laos,645,9,1369,1003,1004
2016.830253,2016/10/31,Laos,894,10,1400,1034,1035
2016.912389,2016/11/30,Laos,715,11,1430,1064,1065
2016.997262,2016/12/31,Laos,244,12,1461,1095,1096
2017.082136,2017/1/31,Laos,283,1,1492,1126,1127
2017.158795,2017/2/28,Laos,155,2,1520,1154,1155
2017.243669,2017/3/31,Laos,94,3,1551,1185,1186
2017.325804,2017/4/30,Laos,195,4,1581,1215,1216
2017.410678,2017/5/31,Laos,832,5,1612,1246,1247
2017.492813,2017/6/30,Laos,1489,6,1642,1276,1277
2017.577687,2017/7/31,Laos,2692,7,1673,1307,1308
2017.66256,2017/8/31,Laos,1968,8,1704,1338,1339
2017.744695,2017/9/30,Laos,1539,9,1734,1368,1369
2017.829569,2017/10/31,Laos,1055,10,1765,1399,1400
2017.911704,2017/11/30,Laos,518,11,1795,1429,1430
2017.996578,2017/12/31,Laos,219,12,1826,1460,1461
2018.081451,2018/1/31,Laos,39,1,1857,1491,1492
2018.158111,2018/2/28,Laos,24,2,1885,1519,1520
2018.242984,2018/3/31,Laos,71,3,1916,1550,1551
2018.32512,2018/4/30,Laos,50,4,1946,1580,1581
2018.409993,2018/5/31,Laos,108,5,1977,1611,1612
2018.492129,2018/6/30,Laos,343,6,2007,1641,1642
2018.577002,2018/7/31,Laos,1967,7,2038,1672,1673
2018.661875,2018/8/31,Laos,734,8,2069,1703,1704
2018.744011,2018/9/30,Laos,621,9,2099,1733,1734
2018.828884,2018/10/31,Laos,554,10,2130,1764,1765
2018.91102,2018/11/30,Laos,482,11,2160,1794,1795
2018.995893,2018/12/31,Laos,225,12,2191,1825,1826
2019.080767,2019/1/31,Laos,545,1,2222,1856,1857
2019.157426,2019/2/28,Laos,433,2,2250,1884,1885
2019.2423,2019/3/31,Laos,465,3,2281,1915,1916
2019.324435,2019/4/30,Laos,962,4,2311,1945,1946
2019.409309,2019/5/31,Laos,5637,5,2342,1976,1977
2019.491444,2019/6/30,Laos,7615,6,2372,2006,2007
2019.576318,2019/7/31,Laos,9101,7,2403,2037,2038
2019.661191,2019/8/31,Laos,5904,8,2434,2068,2069
2019.743326,2019/9/30,Laos,3066,9,2464,2098,2099
2019.8282,2019/10/31,Laos,4298,10,2495,2129,2130
2019.910335,2019/11/30,Laos,706,11,2525,2159,2160
2019.995209,2019/12/31,Laos,21,12,2556,2190,2191
2014.081451,2014/1/31,Malaysia,8804,1,396,30,31
2014.158111,2014/2/28,Malaysia,8966,2,424,58,59
2014.242984,2014/3/31,Malaysia,7153,3,455,89,90
2014.32512,2014/4/30,Malaysia,4952,4,485,119,120
2014.409993,2014/5/31,Malaysia,6417,5,516,150,151
2014.492129,2014/6/30,Malaysia,8350,6,546,180,181
2014.577002,2014/7/31,Malaysia,11061,7,577,211,212
2014.661875,2014/8/31,Malaysia,12241,8,608,242,243
2014.744011,2014/9/30,Malaysia,8983,9,638,272,273
2014.828884,2014/10/31,Malaysia,8904,10,669,303,304
2014.91102,2014/11/30,Malaysia,9596,11,699,333,334
2014.995893,2014/12/31,Malaysia,11748,12,730,364,365
2015.080767,2015/1/31,Malaysia,13619,1,761,395,396
2015.157426,2015/2/28,Malaysia,11431,2,789,423,424
2015.2423,2015/3/31,Malaysia,8077,3,820,454,455
2015.324435,2015/4/30,Malaysia,6243,4,850,484,485
2015.409309,2015/5/31,Malaysia,8680,5,881,515,516
2015.491444,2015/6/30,Malaysia,11306,6,911,545,546
2015.576318,2015/7/31,Malaysia,12022,7,942,576,577
2015.661191,2015/8/31,Malaysia,10802,8,973,607,608
2015.743326,2015/9/30,Malaysia,9452,9,1003,637,638
2015.8282,2015/10/31,Malaysia,9724,10,1034,668,669
2015.910335,2015/11/30,Malaysia,9175,11,1064,698,699
2015.995209,2015/12/31,Malaysia,8661,12,1095,729,730
2016.080082,2016/1/31,Malaysia,14721,1,1126,760,761
2016.15948,2016/2/29,Malaysia,11321,2,1155,789,790
2016.244353,2016/3/31,Malaysia,9689,3,1186,820,821
2016.326489,2016/4/30,Malaysia,6755,4,1216,850,851
2016.411362,2016/5/31,Malaysia,5717,5,1247,881,882
2016.493498,2016/6/30,Malaysia,7604,6,1277,911,912
2016.578371,2016/7/31,Malaysia,8939,7,1308,942,943
2016.663244,2016/8/31,Malaysia,9441,8,1339,973,974
2016.74538,2016/9/30,Malaysia,7328,9,1369,1003,1004
2016.830253,2016/10/31,Malaysia,6369,10,1400,1034,1035
2016.912389,2016/11/30,Malaysia,5643,11,1430,1064,1065
2016.997262,2016/12/31,Malaysia,6641,12,1461,1095,1096
2017.082136,2017/1/31,Malaysia,8117,1,1492,1126,1127
2017.158795,2017/2/28,Malaysia,7260,2,1520,1154,1155
2017.243669,2017/3/31,Malaysia,8168,3,1551,1185,1186
2017.325804,2017/4/30,Malaysia,8177,4,1581,1215,1216
2017.410678,2017/5/31,Malaysia,9113,5,1612,1246,1247
2017.492813,2017/6/30,Malaysia,8846,6,1642,1276,1277
2017.577687,2017/7/31,Malaysia,8763,7,1673,1307,1308
2017.66256,2017/8/31,Malaysia,7117,8,1704,1338,1339
2017.744695,2017/9/30,Malaysia,5153,9,1734,1368,1369
2017.829569,2017/10/31,Malaysia,4959,10,1765,1399,1400
2017.911704,2017/11/30,Malaysia,4202,11,1795,1429,1430
2017.996578,2017/12/31,Malaysia,4459,12,1826,1460,1461
2018.081451,2018/1/31,Malaysia,4920,1,1857,1491,1492
2018.158111,2018/2/28,Malaysia,4834,2,1885,1519,1520
2018.242984,2018/3/31,Malaysia,4963,3,1916,1550,1551
2018.32512,2018/4/30,Malaysia,4966,4,1946,1580,1581
2018.409993,2018/5/31,Malaysia,5521,5,1977,1611,1612
2018.492129,2018/6/30,Malaysia,3009,6,2007,1641,1642
2018.577002,2018/7/31,Malaysia,3757,7,2038,1672,1673
2018.661875,2018/8/31,Malaysia,4293,8,2069,1703,1704
2018.744011,2018/9/30,Malaysia,5474,9,2099,1733,1734
2018.828884,2018/10/31,Malaysia,1424,10,2130,1764,1765
2018.91102,2018/11/30,Malaysia,7710,11,2160,1794,1795
2018.995893,2018/12/31,Malaysia,8790,12,2191,1825,1826
2019.080767,2019/1/31,Malaysia,2587,1,2222,1856,1857
2019.157426,2019/2/28,Malaysia,11080,2,2250,1884,1885
2019.2423,2019/3/31,Malaysia,11126,3,2281,1915,1916
2019.324435,2019/4/30,Malaysia,8675,4,2311,1945,1946
2019.409309,2019/5/31,Malaysia,9876,5,2342,1976,1977
2019.491444,2019/6/30,Malaysia,3878,6,2372,2006,2007
2019.576318,2019/7/31,Malaysia,6529,7,2403,2037,2038
2019.661191,2019/8/31,Malaysia,6616,8,2434,2068,2069
2019.743326,2019/9/30,Malaysia,9617,9,2464,2098,2099
2019.8282,2019/10/31,Malaysia,2181,10,2495,2129,2130
2019.910335,2019/11/30,Malaysia,10918,11,2525,2159,2160
2019.995209,2019/12/31,Malaysia,5500,12,2556,2190,2191
2014.081451,2014/1/31,Mexico,5187,1,396,30,31
2014.158111,2014/2/28,Mexico,5056,2,424,58,59
2014.242984,2014/3/31,Mexico,5246,3,455,89,90
2014.32512,2014/4/30,Mexico,4466,4,485,119,120
2014.409993,2014/5/31,Mexico,6093,5,516,150,151
2014.492129,2014/6/30,Mexico,8772,6,546,180,181
2014.577002,2014/7/31,Mexico,11695,7,577,211,212
2014.661875,2014/8/31,Mexico,11334,8,608,242,243
2014.744011,2014/9/30,Mexico,15993,9,638,272,273
2014.828884,2014/10/31,Mexico,25190,10,669,303,304
2014.91102,2014/11/30,Mexico,18343,11,699,333,334
2014.995893,2014/12/31,Mexico,6844,12,730,364,365
2015.080767,2015/1/31,Mexico,5661,1,761,395,396
2015.157426,2015/2/28,Mexico,3832,2,789,423,424
2015.2423,2015/3/31,Mexico,5117,3,820,454,455
2015.324435,2015/4/30,Mexico,8207,4,850,484,485
2015.409309,2015/5/31,Mexico,11337,5,881,515,516
2015.491444,2015/6/30,Mexico,18365,6,911,545,546
2015.576318,2015/7/31,Mexico,29141,7,942,576,577
2015.661191,2015/8/31,Mexico,37018,8,973,607,608
2015.743326,2015/9/30,Mexico,34930,9,1003,637,638
2015.8282,2015/10/31,Mexico,35925,10,1034,668,669
2015.910335,2015/11/30,Mexico,23237,11,1064,698,699
2015.995209,2015/12/31,Mexico,6820,12,1095,729,730
2016.080082,2016/1/31,Mexico,5318,1,1126,760,761
2016.15948,2016/2/29,Mexico,7944,2,1155,789,790
2016.244353,2016/3/31,Mexico,6035,3,1186,820,821
2016.326489,2016/4/30,Mexico,4590,4,1216,850,851
2016.411362,2016/5/31,Mexico,4855,5,1247,881,882
2016.493498,2016/6/30,Mexico,6797,6,1277,911,912
2016.578371,2016/7/31,Mexico,9579,7,1308,942,943
2016.663244,2016/8/31,Mexico,20215,8,1339,973,974
2016.74538,2016/9/30,Mexico,22790,9,1369,1003,1004
2016.830253,2016/10/31,Mexico,23317,10,1400,1034,1035
2016.912389,2016/11/30,Mexico,14388,11,1430,1064,1065
2016.997262,2016/12/31,Mexico,4243,12,1461,1095,1096
2017.082136,2017/1/31,Mexico,2187,1,1492,1126,1127
2017.158795,2017/2/28,Mexico,2116,2,1520,1154,1155
2017.243669,2017/3/31,Mexico,2753,3,1551,1185,1186
2017.325804,2017/4/30,Mexico,2419,4,1581,1215,1216
2017.410678,2017/5/31,Mexico,3111,5,1612,1246,1247
2017.492813,2017/6/30,Mexico,5440,6,1642,1276,1277
2017.577687,2017/7/31,Mexico,6406,7,1673,1307,1308
2017.66256,2017/8/31,Mexico,8844,8,1704,1338,1339
2017.744695,2017/9/30,Mexico,16492,9,1734,1368,1369
2017.829569,2017/10/31,Mexico,21107,10,1765,1399,1400
2017.911704,2017/11/30,Mexico,15845,11,1795,1429,1430
2017.996578,2017/12/31,Mexico,3709,12,1826,1460,1461
2018.081451,2018/1/31,Mexico,1166,1,1857,1491,1492
2018.158111,2018/2/28,Mexico,1531,2,1885,1519,1520
2018.242984,2018/3/31,Mexico,1859,3,1916,1550,1551
2018.32512,2018/4/30,Mexico,2163,4,1946,1580,1581
2018.409993,2018/5/31,Mexico,2776,5,1977,1611,1612
2018.492129,2018/6/30,Mexico,4606,6,2007,1641,1642
2018.577002,2018/7/31,Mexico,5421,7,2038,1672,1673
2018.661875,2018/8/31,Mexico,5733,8,2069,1703,1704
2018.744011,2018/9/30,Mexico,15353,9,2099,1733,1734
2018.828884,2018/10/31,Mexico,20296,10,2130,1764,1765
2018.91102,2018/11/30,Mexico,12954,11,2160,1794,1795
2018.995893,2018/12/31,Mexico,4890,12,2191,1825,1826
2019.080767,2019/1/31,Mexico,2987,1,2222,1856,1857
2019.157426,2019/2/28,Mexico,3116,2,2250,1884,1885
2019.2423,2019/3/31,Mexico,3624,3,2281,1915,1916
2019.324435,2019/4/30,Mexico,2659,4,2311,1945,1946
2019.409309,2019/5/31,Mexico,5372,5,2342,1976,1977
2019.491444,2019/6/30,Mexico,9032,6,2372,2006,2007
2019.576318,2019/7/31,Mexico,14664,7,2403,2037,2038
2019.661191,2019/8/31,Mexico,31967,8,2434,2068,2069
2019.743326,2019/9/30,Mexico,59903,9,2464,2098,2099
2019.8282,2019/10/31,Mexico,75407,10,2495,2129,2130
2019.910335,2019/11/30,Mexico,41869,11,2525,2159,2160
2019.995209,2019/12/31,Mexico,17143,12,2556,2190,2191
2014.081451,2014/1/31,Nicaragua,2074,1,396,30,31
2014.158111,2014/2/28,Nicaragua,1627,2,424,58,59
2014.242984,2014/3/31,Nicaragua,1951,3,455,89,90
2014.32512,2014/4/30,Nicaragua,1399,4,485,119,120
2014.409993,2014/5/31,Nicaragua,1780,5,516,150,151
2014.492129,2014/6/30,Nicaragua,2697,6,546,180,181
2014.577002,2014/7/31,Nicaragua,4160,7,577,211,212
2014.661875,2014/8/31,Nicaragua,4027,8,608,242,243
2014.744011,2014/9/30,Nicaragua,3383,9,638,272,273
2014.828884,2014/10/31,Nicaragua,4383,10,669,303,304
2014.91102,2014/11/30,Nicaragua,3811,11,699,333,334
2014.995893,2014/12/31,Nicaragua,4281,12,730,364,365
2015.080767,2015/1/31,Nicaragua,3755,1,761,395,396
2015.157426,2015/2/28,Nicaragua,2384,2,789,423,424
2015.2423,2015/3/31,Nicaragua,1370,3,820,454,455
2015.324435,2015/4/30,Nicaragua,1658,4,850,484,485
2015.409309,2015/5/31,Nicaragua,2081,5,881,515,516
2015.491444,2015/6/30,Nicaragua,2947,6,911,545,546
2015.576318,2015/7/31,Nicaragua,4886,7,942,576,577
2015.661191,2015/8/31,Nicaragua,6655,8,973,607,608
2015.743326,2015/9/30,Nicaragua,4316,9,1003,637,638
2015.8282,2015/10/31,Nicaragua,7095,10,1034,668,669
2015.910335,2015/11/30,Nicaragua,7879,11,1064,698,699
2015.995209,2015/12/31,Nicaragua,4301,12,1095,729,730
2016.080082,2016/1/31,Nicaragua,4898,1,1126,760,761
2016.15948,2016/2/29,Nicaragua,3422,2,1155,789,790
2016.244353,2016/3/31,Nicaragua,2867,3,1186,820,821
2016.326489,2016/4/30,Nicaragua,4906,4,1216,850,851
2016.411362,2016/5/31,Nicaragua,6582,5,1247,881,882
2016.493498,2016/6/30,Nicaragua,12455,6,1277,911,912
2016.578371,2016/7/31,Nicaragua,17447,7,1308,942,943
2016.663244,2016/8/31,Nicaragua,11909,8,1339,973,974
2016.74538,2016/9/30,Nicaragua,6937,9,1369,1003,1004
2016.830253,2016/10/31,Nicaragua,6507,10,1400,1034,1035
2016.912389,2016/11/30,Nicaragua,6070,11,1430,1064,1065
2016.997262,2016/12/31,Nicaragua,4463,12,1461,1095,1096
2017.082136,2017/1/31,Nicaragua,4777,1,1492,1126,1127
2017.158795,2017/2/28,Nicaragua,4679,2,1520,1154,1155
2017.243669,2017/3/31,Nicaragua,5326,3,1551,1185,1186
2017.325804,2017/4/30,Nicaragua,4900,4,1581,1215,1216
2017.410678,2017/5/31,Nicaragua,6216,5,1612,1246,1247
2017.492813,2017/6/30,Nicaragua,7756,6,1642,1276,1277
2017.577687,2017/7/31,Nicaragua,8134,7,1673,1307,1308
2017.66256,2017/8/31,Nicaragua,6903,8,1704,1338,1339
2017.744695,2017/9/30,Nicaragua,4509,9,1734,1368,1369
2017.829569,2017/10/31,Nicaragua,5050,10,1765,1399,1400
2017.911704,2017/11/30,Nicaragua,4602,11,1795,1429,1430
2017.996578,2017/12/31,Nicaragua,2604,12,1826,1460,1461
2018.081451,2018/1/31,Nicaragua,3369,1,1857,1491,1492
2018.158111,2018/2/28,Nicaragua,3847,2,1885,1519,1520
2018.242984,2018/3/31,Nicaragua,3588,3,1916,1550,1551
2018.32512,2018/4/30,Nicaragua,3351,4,1946,1580,1581
2018.409993,2018/5/31,Nicaragua,2938,5,1977,1611,1612
2018.492129,2018/6/30,Nicaragua,2675,6,2007,1641,1642
2018.577002,2018/7/31,Nicaragua,3900,7,2038,1672,1673
2018.661875,2018/8/31,Nicaragua,4279,8,2069,1703,1704
2018.744011,2018/9/30,Nicaragua,9738,9,2099,1733,1734
2018.828884,2018/10/31,Nicaragua,9154,10,2130,1764,1765
2018.91102,2018/11/30,Nicaragua,6137,11,2160,1794,1795
2018.995893,2018/12/31,Nicaragua,6409,12,2191,1825,1826
2019.080767,2019/1/31,Nicaragua,7168,1,2222,1856,1857
2019.157426,2019/2/28,Nicaragua,5944,2,2250,1884,1885
2019.2423,2019/3/31,Nicaragua,5147,3,2281,1915,1916
2019.324435,2019/4/30,Nicaragua,3004,4,2311,1945,1946
2019.409309,2019/5/31,Nicaragua,6028,5,2342,1976,1977
2019.491444,2019/6/30,Nicaragua,12711,6,2372,2006,2007
2019.576318,2019/7/31,Nicaragua,19370,7,2403,2037,2038
2019.661191,2019/8/31,Nicaragua,34602,8,2434,2068,2069
2019.743326,2019/9/30,Nicaragua,32222,9,2464,2098,2099
2019.8282,2019/10/31,Nicaragua,29666,10,2495,2129,2130
2019.910335,2019/11/30,Nicaragua,20281,11,2525,2159,2160
2019.995209,2019/12/31,Nicaragua,10520,12,2556,2190,2191
2014.081451,2014/1/31,Panama,12,1,396,30,31
2014.158111,2014/2/28,Panama,2859,2,424,58,59
2014.242984,2014/3/31,Panama,209,3,455,89,90
2014.32512,2014/4/30,Panama,620,4,485,119,120
2014.409993,2014/5/31,Panama,416,5,516,150,151
2014.492129,2014/6/30,Panama,171,6,546,180,181
2014.577002,2014/7/31,Panama,153,7,577,211,212
2014.661875,2014/8/31,Panama,112,8,608,242,243
2014.744011,2014/9/30,Panama,114,9,638,272,273
2014.828884,2014/10/31,Panama,141,10,669,303,304
2014.91102,2014/11/30,Panama,220,11,699,333,334
2014.995893,2014/12/31,Panama,490,12,730,364,365
2015.080767,2015/1/31,Panama,421,1,761,395,396
2015.157426,2015/2/28,Panama,352,2,789,423,424
2015.2423,2015/3/31,Panama,6,3,820,454,455
2015.324435,2015/4/30,Panama,66,4,850,484,485
2015.409309,2015/5/31,Panama,122,5,881,515,516
2015.491444,2015/6/30,Panama,347,6,911,545,546
2015.576318,2015/7/31,Panama,293,7,942,576,577
2015.661191,2015/8/31,Panama,316,8,973,607,608
2015.743326,2015/9/30,Panama,293,9,1003,637,638
2015.8282,2015/10/31,Panama,137,10,1034,668,669
2015.910335,2015/11/30,Panama,285,11,1064,698,699
2015.995209,2015/12/31,Panama,1129,12,1095,729,730
2016.080082,2016/1/31,Panama,333,1,1126,760,761
2016.15948,2016/2/29,Panama,177,2,1155,789,790
2016.244353,2016/3/31,Panama,200,3,1186,820,821
2016.326489,2016/4/30,Panama,59,4,1216,850,851
2016.411362,2016/5/31,Panama,321,5,1247,881,882
2016.493498,2016/6/30,Panama,129,6,1277,911,912
2016.578371,2016/7/31,Panama,1465,7,1308,942,943
2016.663244,2016/8/31,Panama,577,8,1339,973,974
2016.74538,2016/9/30,Panama,726,9,1369,1003,1004
2016.830253,2016/10/31,Panama,891,10,1400,1034,1035
2016.912389,2016/11/30,Panama,1446,11,1430,1064,1065
2016.997262,2016/12/31,Panama,1560,12,1461,1095,1096
2017.082136,2017/1/31,Panama,1070,1,1492,1126,1127
2017.158795,2017/2/28,Panama,468,2,1520,1154,1155
2017.243669,2017/3/31,Panama,316,3,1551,1185,1186
2017.325804,2017/4/30,Panama,230,4,1581,1215,1216
2017.410678,2017/5/31,Panama,274,5,1612,1246,1247
2017.492813,2017/6/30,Panama,575,6,1642,1276,1277
2017.577687,2017/7/31,Panama,1113,7,1673,1307,1308
2017.66256,2017/8/31,Panama,959,8,1704,1338,1339
2017.744695,2017/9/30,Panama,973,9,1734,1368,1369
2017.829569,2017/10/31,Panama,1145,10,1765,1399,1400
2017.911704,2017/11/30,Panama,1034,11,1795,1429,1430
2017.996578,2017/12/31,Panama,1022,12,1826,1460,1461
2018.081451,2018/1/31,Panama,889,1,1857,1491,1492
2018.158111,2018/2/28,Panama,749,2,1885,1519,1520
2018.242984,2018/3/31,Panama,405,3,1916,1550,1551
2018.32512,2018/4/30,Panama,316,4,1946,1580,1581
2018.409993,2018/5/31,Panama,338,5,1977,1611,1612
2018.492129,2018/6/30,Panama,407,6,2007,1641,1642
2018.577002,2018/7/31,Panama,664,7,2038,1672,1673
2018.661875,2018/8/31,Panama,635,8,2069,1703,1704
2018.744011,2018/9/30,Panama,729,9,2099,1733,1734
2018.828884,2018/10/31,Panama,677,10,2130,1764,1765
2018.91102,2018/11/30,Panama,656,11,2160,1794,1795
2018.995893,2018/12/31,Panama,552,12,2191,1825,1826
2019.080767,2019/1/31,Panama,602,1,2222,1856,1857
2019.157426,2019/2/28,Panama,322,2,2250,1884,1885
2019.2423,2019/3/31,Panama,202,3,2281,1915,1916
2019.324435,2019/4/30,Panama,137,4,2311,1945,1946
2019.409309,2019/5/31,Panama,201,5,2342,1976,1977
2019.491444,2019/6/30,Panama,322,6,2372,2006,2007
2019.576318,2019/7/31,Panama,556,7,2403,2037,2038
2019.661191,2019/8/31,Panama,889,8,2434,2068,2069
2019.743326,2019/9/30,Panama,1195,9,2464,2098,2099
2019.8282,2019/10/31,Panama,1505,10,2495,2129,2130
2019.910335,2019/11/30,Panama,1851,11,2525,2159,2160
2019.995209,2019/12/31,Panama,2074,12,2556,2190,2191
2014.081451,2014/1/31,Peru,2671,1,396,30,31
2014.158111,2014/2/28,Peru,2854,2,424,58,59
2014.242984,2014/3/31,Peru,2004,3,455,89,90
2014.32512,2014/4/30,Peru,1399,4,485,119,120
2014.409993,2014/5/31,Peru,1135,5,516,150,151
2014.492129,2014/6/30,Peru,1617,6,546,180,181
2014.577002,2014/7/31,Peru,1279,7,577,211,212
2014.661875,2014/8/31,Peru,852,8,608,242,243
2014.744011,2014/9/30,Peru,749,9,638,272,273
2014.828884,2014/10/31,Peru,1265,10,669,303,304
2014.91102,2014/11/30,Peru,1775,11,699,333,334
2014.995893,2014/12/31,Peru,1452,12,730,364,365
2015.080767,2015/1/31,Peru,1966,1,761,395,396
2015.157426,2015/2/28,Peru,2269,2,789,423,424
2015.2423,2015/3/31,Peru,3468,3,820,454,455
2015.324435,2015/4/30,Peru,7776,4,850,484,485
2015.409309,2015/5/31,Peru,7612,5,881,515,516
2015.491444,2015/6/30,Peru,7877,6,911,545,546
2015.576318,2015/7/31,Peru,3263,7,942,576,577
2015.661191,2015/8/31,Peru,1628,8,973,607,608
2015.743326,2015/9/30,Peru,1164,9,1003,637,638
2015.8282,2015/10/31,Peru,1137,10,1034,668,669
2015.910335,2015/11/30,Peru,215,11,1064,698,699
2015.995209,2015/12/31,Peru,1082,12,1095,729,730
2016.080082,2016/1/31,Peru,2020,1,1126,760,761
2016.15948,2016/2/29,Peru,4614,2,1155,789,790
2016.244353,2016/3/31,Peru,5448,3,1186,820,821
2016.326489,2016/4/30,Peru,6042,4,1216,850,851
2016.411362,2016/5/31,Peru,4478,5,1247,881,882
2016.493498,2016/6/30,Peru,3506,6,1277,911,912
2016.578371,2016/7/31,Peru,1061,7,1308,942,943
2016.663244,2016/8/31,Peru,556,8,1339,973,974
2016.74538,2016/9/30,Peru,647,9,1369,1003,1004
2016.830253,2016/10/31,Peru,1006,10,1400,1034,1035
2016.912389,2016/11/30,Peru,1268,11,1430,1064,1065
2016.997262,2016/12/31,Peru,1222,12,1461,1095,1096
2017.082136,2017/1/31,Peru,1804,1,1492,1126,1127
2017.158795,2017/2/28,Peru,3004,2,1520,1154,1155
2017.243669,2017/3/31,Peru,6241,3,1551,1185,1186
2017.325804,2017/4/30,Peru,12918,4,1581,1215,1216
2017.410678,2017/5/31,Peru,31989,5,1612,1246,1247
2017.492813,2017/6/30,Peru,11249,6,1642,1276,1277
2017.577687,2017/7/31,Peru,3750,7,1673,1307,1308
2017.66256,2017/8/31,Peru,1125,8,1704,1338,1339
2017.744695,2017/9/30,Peru,1352,9,1734,1368,1369
2017.829569,2017/10/31,Peru,930,10,1765,1399,1400
2017.911704,2017/11/30,Peru,1053,11,1795,1429,1430
2017.996578,2017/12/31,Peru,941,12,1826,1460,1461
2018.081451,2018/1/31,Peru,1812,1,1857,1491,1492
2018.158111,2018/2/28,Peru,1056,2,1885,1519,1520
2018.242984,2018/3/31,Peru,1209,3,1916,1550,1551
2018.32512,2018/4/30,Peru,1002,4,1946,1580,1581
2018.409993,2018/5/31,Peru,559,5,1977,1611,1612
2018.492129,2018/6/30,Peru,177,6,2007,1641,1642
2018.577002,2018/7/31,Peru,332,7,2038,1672,1673
2018.661875,2018/8/31,Peru,380,8,2069,1703,1704
2018.744011,2018/9/30,Peru,0,9,2099,1733,1734
2018.828884,2018/10/31,Peru,2,10,2130,1764,1765
2018.91102,2018/11/30,Peru,167,11,2160,1794,1795
2018.995893,2018/12/31,Peru,439,12,2191,1825,1826
2019.080767,2019/1/31,Peru,1469,1,2222,1856,1857
2019.157426,2019/2/28,Peru,1510,2,2250,1884,1885
2019.2423,2019/3/31,Peru,1260,3,2281,1915,1916
2019.324435,2019/4/30,Peru,570,4,2311,1945,1946
2019.409309,2019/5/31,Peru,1178,5,2342,1976,1977
2019.491444,2019/6/30,Peru,1389,6,2372,2006,2007
2019.576318,2019/7/31,Peru,638,7,2403,2037,2038
2019.661191,2019/8/31,Peru,803,8,2434,2068,2069
2019.743326,2019/9/30,Peru,603,9,2464,2098,2099
2019.8282,2019/10/31,Peru,647,10,2495,2129,2130
2019.910335,2019/11/30,Peru,4537,11,2525,2159,2160
2019.995209,2019/12/31,Peru,3105,12,2556,2190,2191
2014.081451,2014/1/31,Philippines,8427,1,396,30,31
2014.158111,2014/2/28,Philippines,5289,2,424,58,59
2014.242984,2014/3/31,Philippines,4341,3,455,89,90
2014.32512,2014/4/30,Philippines,3827,4,485,119,120
2014.409993,2014/5/31,Philippines,5435,5,516,150,151
2014.492129,2014/6/30,Philippines,8384,6,546,180,181
2014.577002,2014/7/31,Philippines,13183,7,577,211,212
2014.661875,2014/8/31,Philippines,16635,8,608,242,243
2014.744011,2014/9/30,Philippines,14300,9,638,272,273
2014.828884,2014/10/31,Philippines,13757,10,669,303,304
2014.91102,2014/11/30,Philippines,10332,11,699,333,334
2014.995893,2014/12/31,Philippines,2968,12,730,364,365
2015.080767,2015/1/31,Philippines,10598,1,761,395,396
2015.157426,2015/2/28,Philippines,7322,2,789,423,424
2015.2423,2015/3/31,Philippines,5543,3,820,454,455
2015.324435,2015/4/30,Philippines,4334,4,850,484,485
2015.409309,2015/5/31,Philippines,5810,5,881,515,516
2015.491444,2015/6/30,Philippines,11683,6,911,545,546
2015.576318,2015/7/31,Philippines,23579,7,942,576,577
2015.661191,2015/8/31,Philippines,31929,8,973,607,608
2015.743326,2015/9/30,Philippines,35755,9,1003,637,638
2015.8282,2015/10/31,Philippines,34385,10,1034,668,669
2015.910335,2015/11/30,Philippines,22951,11,1064,698,699
2015.995209,2015/12/31,Philippines,5371,12,1095,729,730
2016.080082,2016/1/31,Philippines,17651,1,1126,760,761
2016.15948,2016/2/29,Philippines,12888,2,1155,789,790
2016.244353,2016/3/31,Philippines,10142,3,1186,820,821
2016.326489,2016/4/30,Philippines,7509,4,1216,850,851
2016.411362,2016/5/31,Philippines,7116,5,1247,881,882
2016.493498,2016/6/30,Philippines,12888,6,1277,911,912
2016.578371,2016/7/31,Philippines,28185,7,1308,942,943
2016.663244,2016/8/31,Philippines,40569,8,1339,973,974
2016.74538,2016/9/30,Philippines,30259,9,1369,1003,1004
2016.830253,2016/10/31,Philippines,22302,10,1400,1034,1035
2016.912389,2016/11/30,Philippines,18716,11,1430,1064,1065
2016.997262,2016/12/31,Philippines,13448,12,1461,1095,1096
2017.082136,2017/1/31,Philippines,14611,1,1492,1126,1127
2017.158795,2017/2/28,Philippines,9380,2,1520,1154,1155
2017.243669,2017/3/31,Philippines,7391,3,1551,1185,1186
2017.325804,2017/4/30,Philippines,5173,4,1581,1215,1216
2017.410678,2017/5/31,Philippines,5117,5,1612,1246,1247
2017.492813,2017/6/30,Philippines,8982,6,1642,1276,1277
2017.577687,2017/7/31,Philippines,16941,7,1673,1307,1308
2017.66256,2017/8/31,Philippines,25185,8,1704,1338,1339
2017.744695,2017/9/30,Philippines,17339,9,1734,1368,1369
2017.829569,2017/10/31,Philippines,14497,10,1765,1399,1400
2017.911704,2017/11/30,Philippines,13872,11,1795,1429,1430
2017.996578,2017/12/31,Philippines,7789,12,1826,1460,1461
2018.081451,2018/1/31,Philippines,13572,1,1857,1491,1492
2018.158111,2018/2/28,Philippines,9596,2,1885,1519,1520
2018.242984,2018/3/31,Philippines,7747,3,1916,1550,1551
2018.32512,2018/4/30,Philippines,5815,4,1946,1580,1581
2018.409993,2018/5/31,Philippines,7708,5,1977,1611,1612
2018.492129,2018/6/30,Philippines,13760,6,2007,1641,1642
2018.577002,2018/7/31,Philippines,26530,7,2038,1672,1673
2018.661875,2018/8/31,Philippines,33029,8,2069,1703,1704
2018.744011,2018/9/30,Philippines,14361,9,2099,1733,1734
2018.828884,2018/10/31,Philippines,30144,10,2130,1764,1765
2018.91102,2018/11/30,Philippines,26610,11,2160,1794,1795
2018.995893,2018/12/31,Philippines,11570,12,2191,1825,1826
2019.080767,2019/1/31,Philippines,31627,1,2222,1856,1857
2019.157426,2019/2/28,Philippines,20636,2,2250,1884,1885
2019.2423,2019/3/31,Philippines,13494,3,2281,1915,1916
2019.324435,2019/4/30,Philippines,9480,4,2311,1945,1946
2019.409309,2019/5/31,Philippines,13383,5,2342,1976,1977
2019.491444,2019/6/30,Philippines,32087,6,2372,2006,2007
2019.576318,2019/7/31,Philippines,75180,7,2403,2037,2038
2019.661191,2019/8/31,Philippines,66808,8,2434,2068,2069
2019.743326,2019/9/30,Philippines,39890,9,2464,2098,2099
2019.8282,2019/10/31,Philippines,38361,10,2495,2129,2130
2019.910335,2019/11/30,Philippines,27278,11,2525,2159,2160
2019.995209,2019/12/31,Philippines,5468,12,2556,2190,2191
2014.081451,2014/1/31,Singapore,1616,1,396,30,31
2014.158111,2014/2/28,Singapore,1005,2,424,58,59
2014.242984,2014/3/31,Singapore,937,3,455,89,90
2014.32512,2014/4/30,Singapore,1057,4,485,119,120
2014.409993,2014/5/31,Singapore,1562,5,516,150,151
2014.492129,2014/6/30,Singapore,2496,6,546,180,181
2014.577002,2014/7/31,Singapore,3120,7,577,211,212
2014.661875,2014/8/31,Singapore,1933,8,608,242,243
2014.744011,2014/9/30,Singapore,1534,9,638,272,273
2014.828884,2014/10/31,Singapore,1106,10,669,303,304
2014.91102,2014/11/30,Singapore,691,11,699,333,334
2014.995893,2014/12/31,Singapore,883,12,730,364,365
2015.080767,2015/1/31,Singapore,1033,1,761,395,396
2015.157426,2015/2/28,Singapore,617,2,789,423,424
2015.2423,2015/3/31,Singapore,470,3,820,454,455
2015.324435,2015/4/30,Singapore,532,4,850,484,485
2015.409309,2015/5/31,Singapore,674,5,881,515,516
2015.491444,2015/6/30,Singapore,970,6,911,545,546
2015.576318,2015/7/31,Singapore,1145,7,942,576,577
2015.661191,2015/8/31,Singapore,1034,8,973,607,608
2015.743326,2015/9/30,Singapore,1063,9,1003,637,638
2015.8282,2015/10/31,Singapore,1066,10,1034,668,669
2015.910335,2015/11/30,Singapore,1121,11,1064,698,699
2015.995209,2015/12/31,Singapore,1366,12,1095,729,730
2016.080082,2016/1/31,Singapore,2596,1,1126,760,761
2016.15948,2016/2/29,Singapore,1974,2,1155,789,790
2016.244353,2016/3/31,Singapore,1522,3,1186,820,821
2016.326489,2016/4/30,Singapore,942,4,1216,850,851
2016.411362,2016/5/31,Singapore,899,5,1247,881,882
2016.493498,2016/6/30,Singapore,912,6,1277,911,912
2016.578371,2016/7/31,Singapore,1002,7,1308,942,943
2016.663244,2016/8/31,Singapore,1118,8,1339,973,974
2016.74538,2016/9/30,Singapore,670,9,1369,1003,1004
2016.830253,2016/10/31,Singapore,407,10,1400,1034,1035
2016.912389,2016/11/30,Singapore,319,11,1430,1064,1065
2016.997262,2016/12/31,Singapore,312,12,1461,1095,1096
2017.082136,2017/1/31,Singapore,335,1,1492,1126,1127
2017.158795,2017/2/28,Singapore,235,2,1520,1154,1155
2017.243669,2017/3/31,Singapore,166,3,1551,1185,1186
2017.325804,2017/4/30,Singapore,169,4,1581,1215,1216
2017.410678,2017/5/31,Singapore,229,5,1612,1246,1247
2017.492813,2017/6/30,Singapore,304,6,1642,1276,1277
2017.577687,2017/7/31,Singapore,257,7,1673,1307,1308
2017.66256,2017/8/31,Singapore,227,8,1704,1338,1339
2017.744695,2017/9/30,Singapore,201,9,1734,1368,1369
2017.829569,2017/10/31,Singapore,272,10,1765,1399,1400
2017.911704,2017/11/30,Singapore,176,11,1795,1429,1430
2017.996578,2017/12/31,Singapore,218,12,1826,1460,1461
2018.081451,2018/1/31,Singapore,249,1,1857,1491,1492
2018.158111,2018/2/28,Singapore,157,2,1885,1519,1520
2018.242984,2018/3/31,Singapore,137,3,1916,1550,1551
2018.32512,2018/4/30,Singapore,202,4,1946,1580,1581
2018.409993,2018/5/31,Singapore,262,5,1977,1611,1612
2018.492129,2018/6/30,Singapore,264,6,2007,1641,1642
2018.577002,2018/7/31,Singapore,250,7,2038,1672,1673
2018.661875,2018/8/31,Singapore,245,8,2069,1703,1704
2018.744011,2018/9/30,Singapore,228,9,2099,1733,1734
2018.828884,2018/10/31,Singapore,317,10,2130,1764,1765
2018.91102,2018/11/30,Singapore,355,11,2160,1794,1795
2018.995893,2018/12/31,Singapore,351,12,2191,1825,1826
2019.080767,2019/1/31,Singapore,777,1,2222,1856,1857
2019.157426,2019/2/28,Singapore,555,2,2250,1884,1885
2019.2423,2019/3/31,Singapore,440,3,2281,1915,1916
2019.324435,2019/4/30,Singapore,525,4,2311,1945,1946
2019.409309,2019/5/31,Singapore,1379,5,2342,1976,1977
2019.491444,2019/6/30,Singapore,1800,6,2372,2006,2007
2019.576318,2019/7/31,Singapore,3113,7,2403,2037,2038
2019.661191,2019/8/31,Singapore,1937,8,2434,2068,2069
2019.743326,2019/9/30,Singapore,1210,9,2464,2098,2099
2019.8282,2019/10/31,Singapore,1264,10,2495,2129,2130
2019.910335,2019/11/30,Singapore,1335,11,2525,2159,2160
2019.995209,2019/12/31,Singapore,1350,12,2556,2190,2191
2014.081451,2014/1/31,Sri Lanka,3610,1,396,30,31
2014.158111,2014/2/28,Sri Lanka,2011,2,424,58,59
2014.242984,2014/3/31,Sri Lanka,1648,3,455,89,90
2014.32512,2014/4/30,Sri Lanka,1682,4,485,119,120
2014.409993,2014/5/31,Sri Lanka,4292,5,516,150,151
2014.492129,2014/6/30,Sri Lanka,6736,6,546,180,181
2014.577002,2014/7/31,Sri Lanka,5721,7,577,211,212
2014.661875,2014/8/31,Sri Lanka,4022,8,608,242,243
2014.744011,2014/9/30,Sri Lanka,2640,9,638,272,273
2014.828884,2014/10/31,Sri Lanka,4297,10,669,303,304
2014.91102,2014/11/30,Sri Lanka,5452,11,699,333,334
2014.995893,2014/12/31,Sri Lanka,5391,12,730,364,365
2015.080767,2015/1/31,Sri Lanka,6345,1,761,395,396
2015.157426,2015/2/28,Sri Lanka,3731,2,789,423,424
2015.2423,2015/3/31,Sri Lanka,1967,3,820,454,455
2015.324435,2015/4/30,Sri Lanka,1308,4,850,484,485
2015.409309,2015/5/31,Sri Lanka,1632,5,881,515,516
2015.491444,2015/6/30,Sri Lanka,1493,6,911,545,546
2015.576318,2015/7/31,Sri Lanka,2125,7,942,576,577
2015.661191,2015/8/31,Sri Lanka,1605,8,973,607,608
2015.743326,2015/9/30,Sri Lanka,1099,9,1003,637,638
2015.8282,2015/10/31,Sri Lanka,2074,10,1034,668,669
2015.910335,2015/11/30,Sri Lanka,2814,11,1064,698,699
2015.995209,2015/12/31,Sri Lanka,3776,12,1095,729,730
2016.080082,2016/1/31,Sri Lanka,6694,1,1126,760,761
2016.15948,2016/2/29,Sri Lanka,4439,2,1155,789,790
2016.244353,2016/3/31,Sri Lanka,2696,3,1186,820,821
2016.326489,2016/4/30,Sri Lanka,2832,4,1216,850,851
2016.411362,2016/5/31,Sri Lanka,2422,5,1247,881,882
2016.493498,2016/6/30,Sri Lanka,4731,6,1277,911,912
2016.578371,2016/7/31,Sri Lanka,10722,7,1308,942,943
2016.663244,2016/8/31,Sri Lanka,4873,8,1339,973,974
2016.74538,2016/9/30,Sri Lanka,3622,9,1369,1003,1004
2016.830253,2016/10/31,Sri Lanka,2186,10,1400,1034,1035
2016.912389,2016/11/30,Sri Lanka,2269,11,1430,1064,1065
2016.997262,2016/12/31,Sri Lanka,8247,12,1461,1095,1096
2017.082136,2017/1/31,Sri Lanka,10902,1,1492,1126,1127
2017.158795,2017/2/28,Sri Lanka,8720,2,1520,1154,1155
2017.243669,2017/3/31,Sri Lanka,13528,3,1551,1185,1186
2017.325804,2017/4/30,Sri Lanka,12467,4,1581,1215,1216
2017.410678,2017/5/31,Sri Lanka,15882,5,1612,1246,1247
2017.492813,2017/6/30,Sri Lanka,25259,6,1642,1276,1277
2017.577687,2017/7/31,Sri Lanka,40982,7,1673,1307,1308
2017.66256,2017/8/31,Sri Lanka,22183,8,1704,1338,1339
2017.744695,2017/9/30,Sri Lanka,9462,9,1734,1368,1369
2017.829569,2017/10/31,Sri Lanka,6583,10,1765,1399,1400
2017.911704,2017/11/30,Sri Lanka,8825,11,1795,1429,1430
2017.996578,2017/12/31,Sri Lanka,10711,12,1826,1460,1461
2018.081451,2018/1/31,Sri Lanka,7278,1,1857,1491,1492
2018.158111,2018/2/28,Sri Lanka,4490,2,1885,1519,1520
2018.242984,2018/3/31,Sri Lanka,3380,3,1916,1550,1551
2018.32512,2018/4/30,Sri Lanka,2618,4,1946,1580,1581
2018.409993,2018/5/31,Sri Lanka,3560,5,1977,1611,1612
2018.492129,2018/6/30,Sri Lanka,5513,6,2007,1641,1642
2018.577002,2018/7/31,Sri Lanka,6455,7,2038,1672,1673
2018.661875,2018/8/31,Sri Lanka,4293,8,2069,1703,1704
2018.744011,2018/9/30,Sri Lanka,2049,9,2099,1733,1734
2018.828884,2018/10/31,Sri Lanka,1905,10,2130,1764,1765
2018.91102,2018/11/30,Sri Lanka,4537,11,2160,1794,1795
2018.995893,2018/12/31,Sri Lanka,5581,12,2191,1825,1826
2019.080767,2019/1/31,Sri Lanka,5580,1,2222,1856,1857
2019.157426,2019/2/28,Sri Lanka,3736,2,2250,1884,1885
2019.2423,2019/3/31,Sri Lanka,3832,3,2281,1915,1916
2019.324435,2019/4/30,Sri Lanka,2970,4,2311,1945,1946
2019.409309,2019/5/31,Sri Lanka,4260,5,2342,1976,1977
2019.491444,2019/6/30,Sri Lanka,6019,6,2372,2006,2007
2019.576318,2019/7/31,Sri Lanka,8897,7,2403,2037,2038
2019.661191,2019/8/31,Sri Lanka,9546,8,2434,2068,2069
2019.743326,2019/9/30,Sri Lanka,7307,9,2464,2098,2099
2019.8282,2019/10/31,Sri Lanka,11573,10,2495,2129,2130
2019.910335,2019/11/30,Sri Lanka,21769,11,2525,2159,2160
2019.995209,2019/12/31,Sri Lanka,16287,12,2556,2190,2191
2014.081451,2014/1/31,Thailand,1748,1,396,30,31
2014.158111,2014/2/28,Thailand,1528,2,424,58,59
2014.242984,2014/3/31,Thailand,1672,3,455,89,90
2014.32512,2014/4/30,Thailand,1382,4,485,119,120
2014.409993,2014/5/31,Thailand,2474,5,516,150,151
2014.492129,2014/6/30,Thailand,4357,6,546,180,181
2014.577002,2014/7/31,Thailand,5911,7,577,211,212
2014.661875,2014/8/31,Thailand,5751,8,608,242,243
2014.744011,2014/9/30,Thailand,4845,9,638,272,273
2014.828884,2014/10/31,Thailand,4326,10,669,303,304
2014.91102,2014/11/30,Thailand,4229,11,699,333,334
2014.995893,2014/12/31,Thailand,2895,12,730,364,365
2015.080767,2015/1/31,Thailand,2639,1,761,395,396
2015.157426,2015/2/28,Thailand,2183,2,789,423,424
2015.2423,2015/3/31,Thailand,2716,3,820,454,455
2015.324435,2015/4/30,Thailand,3431,4,850,484,485
2015.409309,2015/5/31,Thailand,8065,5,881,515,516
2015.491444,2015/6/30,Thailand,12913,6,911,545,546
2015.576318,2015/7/31,Thailand,17735,7,942,576,577
2015.661191,2015/8/31,Thailand,21852,8,973,607,608
2015.743326,2015/9/30,Thailand,21181,9,1003,637,638
2015.8282,2015/10/31,Thailand,18058,10,1034,668,669
2015.910335,2015/11/30,Thailand,23472,11,1064,698,699
2015.995209,2015/12/31,Thailand,10707,12,1095,729,730
2016.080082,2016/1/31,Thailand,7068,1,1126,760,761
2016.15948,2016/2/29,Thailand,4060,2,1155,789,790
2016.244353,2016/3/31,Thailand,3712,3,1186,820,821
2016.326489,2016/4/30,Thailand,2152,4,1216,850,851
2016.411362,2016/5/31,Thailand,1981,5,1247,881,882
2016.493498,2016/6/30,Thailand,3741,6,1277,911,912
2016.578371,2016/7/31,Thailand,7491,7,1308,942,943
2016.663244,2016/8/31,Thailand,10258,8,1339,973,974
2016.74538,2016/9/30,Thailand,7995,9,1369,1003,1004
2016.830253,2016/10/31,Thailand,6336,10,1400,1034,1035
2016.912389,2016/11/30,Thailand,5253,11,1430,1064,1065
2016.997262,2016/12/31,Thailand,3884,12,1461,1095,1096
2017.082136,2017/1/31,Thailand,3425,1,1492,1126,1127
2017.158795,2017/2/28,Thailand,2477,2,1520,1154,1155
2017.243669,2017/3/31,Thailand,2158,3,1551,1185,1186
2017.325804,2017/4/30,Thailand,2140,4,1581,1215,1216
2017.410678,2017/5/31,Thailand,3771,5,1612,1246,1247
2017.492813,2017/6/30,Thailand,7259,6,1642,1276,1277
2017.577687,2017/7/31,Thailand,8581,7,1673,1307,1308
2017.66256,2017/8/31,Thailand,7708,8,1704,1338,1339
2017.744695,2017/9/30,Thailand,5121,9,1734,1368,1369
2017.829569,2017/10/31,Thailand,4167,10,1765,1399,1400
2017.911704,2017/11/30,Thailand,4179,11,1795,1429,1430
2017.996578,2017/12/31,Thailand,2975,12,1826,1460,1461
2018.081451,2018/1/31,Thailand,2240,1,1857,1491,1492
2018.158111,2018/2/28,Thailand,1991,2,1885,1519,1520
2018.242984,2018/3/31,Thailand,2599,3,1916,1550,1551
2018.32512,2018/4/30,Thailand,3100,4,1946,1580,1581
2018.409993,2018/5/31,Thailand,7293,5,1977,1611,1612
2018.492129,2018/6/30,Thailand,13636,6,2007,1641,1642
2018.577002,2018/7/31,Thailand,14114,7,2038,1672,1673
2018.661875,2018/8/31,Thailand,12408,8,2069,1703,1704
2018.744011,2018/9/30,Thailand,9042,9,2099,1733,1734
2018.828884,2018/10/31,Thailand,7527,10,2130,1764,1765
2018.91102,2018/11/30,Thailand,7247,11,2160,1794,1795
2018.995893,2018/12/31,Thailand,5725,12,2191,1825,1826
2019.080767,2019/1/31,Thailand,5797,1,2222,1856,1857
2019.157426,2019/2/28,Thailand,4984,2,2250,1884,1885
2019.2423,2019/3/31,Thailand,5369,3,2281,1915,1916
2019.324435,2019/4/30,Thailand,4931,4,2311,1945,1946
2019.409309,2019/5/31,Thailand,8350,5,2342,1976,1977
2019.491444,2019/6/30,Thailand,18697,6,2372,2006,2007
2019.576318,2019/7/31,Thailand,22413,7,2403,2037,2038
2019.661191,2019/8/31,Thailand,18209,8,2434,2068,2069
2019.743326,2019/9/30,Thailand,14367,9,2464,2098,2099
2019.8282,2019/10/31,Thailand,12848,10,2495,2129,2130
2019.910335,2019/11/30,Thailand,10418,11,2525,2159,2160
2019.995209,2019/12/31,Thailand,4774,12,2556,2190,2191
2014.081451,2014/1/31,Venezuela,9123,1,396,30,31
2014.158111,2014/2/28,Venezuela,5669,2,424,58,59
2014.242984,2014/3/31,Venezuela,3999,3,455,89,90
2014.32512,2014/4/30,Venezuela,2922,4,485,119,120
2014.409993,2014/5/31,Venezuela,2395,5,516,150,151
2014.492129,2014/6/30,Venezuela,4310,6,546,180,181
2014.577002,2014/7/31,Venezuela,6456,7,577,211,212
2014.661875,2014/8/31,Venezuela,8679,8,608,242,243
2014.744011,2014/9/30,Venezuela,14132,9,638,272,273
2014.828884,2014/10/31,Venezuela,16716,10,669,303,304
2014.91102,2014/11/30,Venezuela,597,11,699,333,334
2014.995893,2014/12/31,Venezuela,12510,12,730,364,365
2015.080767,2015/1/31,Venezuela,8230,1,761,395,396
2015.157426,2015/2/28,Venezuela,5245,2,789,423,424
2015.2423,2015/3/31,Venezuela,3029,3,820,454,455
2015.324435,2015/4/30,Venezuela,2065,4,850,484,485
2015.409309,2015/5/31,Venezuela,1848,5,881,515,516
2015.491444,2015/6/30,Venezuela,2950,6,911,545,546
2015.576318,2015/7/31,Venezuela,3822,7,942,576,577
2015.661191,2015/8/31,Venezuela,4647,8,973,607,608
2015.743326,2015/9/30,Venezuela,7203,9,1003,637,638
2015.8282,2015/10/31,Venezuela,8506,10,1034,668,669
2015.910335,2015/11/30,Venezuela,401,11,1064,698,699
2015.995209,2015/12/31,Venezuela,6206,12,1095,729,730
2016.080082,2016/1/31,Venezuela,8044,1,1126,760,761
2016.15948,2016/2/29,Venezuela,5527,2,1155,789,790
2016.244353,2016/3/31,Venezuela,2765,3,1186,820,821
2016.326489,2016/4/30,Venezuela,1914,4,1216,850,851
2016.411362,2016/5/31,Venezuela,2006,5,1247,881,882
2016.493498,2016/6/30,Venezuela,2295,6,1277,911,912
2016.578371,2016/7/31,Venezuela,1893,7,1308,942,943
2016.663244,2016/8/31,Venezuela,1320,8,1339,973,974
2016.74538,2016/9/30,Venezuela,979,9,1369,1003,1004
2016.830253,2016/10/31,Venezuela,1003,10,1400,1034,1035
2016.912389,2016/11/30,Venezuela,914,11,1430,1064,1065
2016.997262,2016/12/31,Venezuela,608,12,1461,1095,1096
2017.082136,2017/1/31,Venezuela,717,1,1492,1126,1127
2017.158795,2017/2/28,Venezuela,720,2,1520,1154,1155
2017.243669,2017/3/31,Venezuela,826,3,1551,1185,1186
2017.325804,2017/4/30,Venezuela,511,4,1581,1215,1216
2017.410678,2017/5/31,Venezuela,675,5,1612,1246,1247
2017.492813,2017/6/30,Venezuela,791,6,1642,1276,1277
2017.577687,2017/7/31,Venezuela,738,7,1673,1307,1308
2017.66256,2017/8/31,Venezuela,851,8,1704,1338,1339
2017.744695,2017/9/30,Venezuela,950,9,1734,1368,1369
2017.829569,2017/10/31,Venezuela,801,10,1765,1399,1400
2017.911704,2017/11/30,Venezuela,629,11,1795,1429,1430
2017.996578,2017/12/31,Venezuela,463,12,1826,1460,1461
2018.081451,2018/1/31,Venezuela,754,1,1857,1491,1492
2018.158111,2018/2/28,Venezuela,980,2,1885,1519,1520
2018.242984,2018/3/31,Venezuela,937,3,1916,1550,1551
2018.32512,2018/4/30,Venezuela,703,4,1946,1580,1581
2018.409993,2018/5/31,Venezuela,774,5,1977,1611,1612
2018.492129,2018/6/30,Venezuela,945,6,2007,1641,1642
2018.577002,2018/7/31,Venezuela,1242,7,2038,1672,1673
2018.661875,2018/8/31,Venezuela,1358,8,2069,1703,1704
2018.744011,2018/9/30,Venezuela,3307,9,2099,1733,1734
2018.828884,2018/10/31,Venezuela,3544,10,2130,1764,1765
2018.91102,2018/11/30,Venezuela,3059,11,2160,1794,1795
2018.995893,2018/12/31,Venezuela,1638,12,2191,1825,1826
2019.080767,2019/1/31,Venezuela,1385,1,2222,1856,1857
2019.157426,2019/2/28,Venezuela,1000,2,2250,1884,1885
2019.2423,2019/3/31,Venezuela,606,3,2281,1915,1916
2019.324435,2019/4/30,Venezuela,503,4,2311,1945,1946
2019.409309,2019/5/31,Venezuela,905,5,2342,1976,1977
2019.491444,2019/6/30,Venezuela,1274,6,2372,2006,2007
2019.576318,2019/7/31,Venezuela,1545,7,2403,2037,2038
2019.661191,2019/8/31,Venezuela,1780,8,2434,2068,2069
2019.743326,2019/9/30,Venezuela,1974,9,2464,2098,2099
2019.8282,2019/10/31,Venezuela,1953,10,2495,2129,2130
2019.910335,2019/11/30,Venezuela,1736,11,2525,2159,2160
2019.995209,2019/12/31,Venezuela,1357,12,2556,2190,2191
2014.081451,2014/1/31,Vietnam,2370,1,396,30,31
2014.158111,2014/2/28,Vietnam,1411,2,424,58,59
2014.242984,2014/3/31,Vietnam,1242,3,455,89,90
2014.32512,2014/4/30,Vietnam,1242,4,485,119,120
2014.409993,2014/5/31,Vietnam,1354,5,516,150,151
2014.492129,2014/6/30,Vietnam,1354,6,546,180,181
2014.577002,2014/7/31,Vietnam,3555,7,577,211,212
2014.661875,2014/8/31,Vietnam,2540,8,608,242,243
2014.744011,2014/9/30,Vietnam,3217,9,638,272,273
2014.828884,2014/10/31,Vietnam,4712,10,669,303,304
2014.91102,2014/11/30,Vietnam,4712,11,699,333,334
2014.995893,2014/12/31,Vietnam,4430,12,730,364,365
2015.080767,2015/1/31,Vietnam,1623,1,761,395,396
2015.157426,2015/2/28,Vietnam,3640,2,789,423,424
2015.2423,2015/3/31,Vietnam,3564,3,820,454,455
2015.324435,2015/4/30,Vietnam,1731,4,850,484,485
2015.409309,2015/5/31,Vietnam,1983,5,881,515,516
2015.491444,2015/6/30,Vietnam,2377,6,911,545,546
2015.576318,2015/7/31,Vietnam,3794,7,942,576,577
2015.661191,2015/8/31,Vietnam,6298,8,973,607,608
2015.743326,2015/9/30,Vietnam,7783,9,1003,637,638
2015.8282,2015/10/31,Vietnam,18754,10,1034,668,669
2015.910335,2015/11/30,Vietnam,20910,11,1064,698,699
2015.995209,2015/12/31,Vietnam,17033,12,1095,729,730
2016.080082,2016/1/31,Vietnam,13086,1,1126,760,761
2016.15948,2016/2/29,Vietnam,3881,2,1155,789,790
2016.244353,2016/3/31,Vietnam,4575,3,1186,820,821
2016.326489,2016/4/30,Vietnam,3899,4,1216,850,851
2016.411362,2016/5/31,Vietnam,5973,5,1247,881,882
2016.493498,2016/6/30,Vietnam,5225,6,1277,911,912
2016.578371,2016/7/31,Vietnam,10318,7,1308,942,943
2016.663244,2016/8/31,Vietnam,16547,8,1339,973,974
2016.74538,2016/9/30,Vietnam,15700,9,1369,1003,1004
2016.830253,2016/10/31,Vietnam,16021,10,1400,1034,1035
2016.912389,2016/11/30,Vietnam,15629,11,1430,1064,1065
2016.997262,2016/12/31,Vietnam,11166,12,1461,1095,1096
2017.082136,2017/1/31,Vietnam,6565,1,1492,1126,1127
2017.158795,2017/2/28,Vietnam,5447,2,1520,1154,1155
2017.243669,2017/3/31,Vietnam,9434,3,1551,1185,1186
2017.325804,2017/4/30,Vietnam,10379,4,1581,1215,1216
2017.410678,2017/5/31,Vietnam,12127,5,1612,1246,1247
2017.492813,2017/6/30,Vietnam,16952,6,1642,1276,1277
2017.577687,2017/7/31,Vietnam,23654,7,1673,1307,1308
2017.66256,2017/8/31,Vietnam,28370,8,1704,1338,1339
2017.744695,2017/9/30,Vietnam,34329,9,1734,1368,1369
2017.829569,2017/10/31,Vietnam,17313,10,1765,1399,1400
2017.911704,2017/11/30,Vietnam,12602,11,1795,1429,1430
2017.996578,2017/12/31,Vietnam,5450,12,1826,1460,1461
2018.081451,2018/1/31,Vietnam,7044,1,1857,1491,1492
2018.158111,2018/2/28,Vietnam,3441,2,1885,1519,1520
2018.242984,2018/3/31,Vietnam,3452,3,1916,1550,1551
2018.32512,2018/4/30,Vietnam,3011,4,1946,1580,1581
2018.409993,2018/5/31,Vietnam,3573,5,1977,1611,1612
2018.492129,2018/6/30,Vietnam,7437,6,2007,1641,1642
2018.577002,2018/7/31,Vietnam,9417,7,2038,1672,1673
2018.661875,2018/8/31,Vietnam,16874,8,2069,1703,1704
2018.744011,2018/9/30,Vietnam,16894,9,2099,1733,1734
2018.828884,2018/10/31,Vietnam,20195,10,2130,1764,1765
2018.91102,2018/11/30,Vietnam,20195,11,2160,1794,1795
2018.995893,2018/12/31,Vietnam,12832,12,2191,1825,1826
2019.080767,2019/1/31,Vietnam,15540,1,2222,1856,1857
2019.157426,2019/2/28,Vietnam,22572,2,2250,1884,1885
2019.2423,2019/3/31,Vietnam,10562,3,2281,1915,1916
2019.324435,2019/4/30,Vietnam,9206,4,2311,1945,1946
2019.409309,2019/5/31,Vietnam,12611,5,2342,1976,1977
2019.491444,2019/6/30,Vietnam,35246,6,2372,2006,2007
2019.576318,2019/7/31,Vietnam,27514,7,2403,2037,2038
2019.661191,2019/8/31,Vietnam,34400,8,2434,2068,2069
2019.743326,2019/9/30,Vietnam,38160,9,2464,2098,2099
2019.8282,2019/10/31,Vietnam,36052,10,2495,2129,2130
2019.910335,2019/11/30,Vietnam,47261,11,2525,2159,2160
2019.995209,2019/12/31,Vietnam,31578,12,2556,2190,2191
